tDayStart,tempAvg,energyHigh,energyLow,envergyAvg,xAvg,yAvg,zAvg
41.5119444444,747.741935484,107.601442574,10.9961168639,17.9569923742,64687.9354839,801.387096774,65404.0
41.5327777778,746.766666667,12.6540310651,11.9201331115,12.2630208661,64688.2333333,800.933333333,65403.4666667
41.5536111111,748.133333333,12.7544378698,12.0598448467,12.4251969854,64688.8666667,800.366666667,65403.2333333
41.5744444444,749.866666667,13.1220639911,12.1523264402,12.6146311932,64688.4333333,800.666666667,65403.7
41.5952777778,750.766666667,13.0769088556,12.2701404287,12.6445782484,64688.7,800.6,65403.3666667
41.6161111111,752.266666667,12.9462405321,12.4291789941,12.661338807,64688.6666667,801.566666667,65402.4666667
41.6369444444,753.5,12.9463856535,12.399076639,12.7092069457,64687.8666667,801.1,65403.0666667
41.6577777778,756.071428571,13.2234533703,12.4472760849,12.8127815575,64689.2142857,800.0,65402.3571429
41.6794097222,760.033333333,13.1226223453,12.3607980787,12.7082533192,64688.1,801.066666667,65402.1333333
41.7002430556,762.933333333,13.2574750831,12.439357578,12.7899826546,64688.2333333,800.633333333,65402.9666667
41.7210763889,764.6,13.2683287165,12.5944649446,12.8837844187,64688.7666667,800.866666667,65402.6333333
41.7419097222,766.6,13.3552194762,12.474732571,12.9784187934,64688.9,800.833333333,65402.2
41.7627430556,770.566666667,13.5349308756,12.7148661127,13.0283754518,64687.9333333,800.433333333,65402.4333333
41.7835763889,773.566666667,13.2320177056,12.6445305294,12.9032287863,64688.4666667,799.833333333,65402.5666667
41.8044097222,776.333333333,13.2882168541,12.5699004058,13.0001892196,64688.3,800.233333333,65401.9666667
41.8252430556,778.928571429,13.3043718871,12.513478582,12.9490736157,64689.3571429,799.214285714,65401.9642857
41.8461342593,778.633333333,13.2282869261,12.1417250276,12.7703930602,64689.6,799.033333333,65402.3666667
41.8669675926,782.3,12.9124101051,12.1565554121,12.5084234037,64688.9,799.4,65402.6
41.8878009259,783.833333333,12.776691868,12.1211059908,12.501066972,64689.4666667,799.2,65401.9333333
41.9086342593,785.433333333,12.9432258065,12.0932546996,12.4632865846,64689.0666667,799.533333333,65401.0333333
41.9294675926,786.6,12.6105476673,11.852854512,12.2319222803,64688.7333333,799.0,65403.3
41.9503009259,787.6,12.7237181852,11.9371544416,12.3198217618,64689.6,799.633333333,65401.3333333
41.9711342593,787.766666667,12.9306401033,12.0650451446,12.3061057619,64688.8666667,799.0,65402.0666667
41.9919675926,787.857142857,12.4598082596,11.6029872764,12.0916648986,64689.4642857,798.964285714,65401.6071429
42.0128125,787.433333333,12.5538971808,11.6163348083,12.0815578314,64688.8333333,798.866666667,65403.1
42.0336458333,786.6,12.1555063641,11.4157137588,11.8416533762,64689.2666667,799.566666667,65401.9
42.0544791667,786.166666667,12.1907834101,11.3085008298,11.7052643845,64689.7666667,798.266666667,65401.7666667
42.0753125,784.433333333,12.3925543679,11.3980833026,11.837866018,64690.0333333,797.9,65402.0
42.0961458333,782.5,12.0703887968,11.3447004608,11.7372513475,64690.7666667,797.733333333,65401.1666667
42.1169791667,780.3,12.0265584655,11.1850212138,11.552424112,64691.1333333,797.133333333,65402.0666667
42.1378125,779.2,11.9928070823,11.195202952,11.6043566853,64689.8,798.0,65401.6333333
42.1586458333,778.107142857,11.9603394208,11.2307692308,11.6091123134,64691.1071429,796.928571429,65401.5714286
42.1795023148,777.333333333,12.0920154896,11.2420217672,11.6393114207,64689.3666667,798.4,65402.7666667
42.2003356481,776.333333333,11.9382602285,11.0536900369,11.3930523651,64688.8,799.766666667,65400.9
42.2211689815,774.1,12.1878810272,10.6759601182,11.3466712378,64690.0333333,798.2,65402.2
42.2420023148,772.033333333,11.903839055,10.7881809788,11.4111751514,64690.2333333,798.5,65402.9
42.2628356481,770.033333333,11.7285477025,10.9259601182,11.3679832899,64689.5333333,798.933333333,65401.0
42.2836689815,767.6,12.3110127283,11.2303858224,11.6615863703,64689.4666667,798.6,65401.1666667
42.3045023148,766.4,13.0099741411,11.7632065017,12.1841710139,64691.1,797.366666667,65402.8333333
42.3253356481,764.25,13.8760620613,12.2732644018,13.0526645799,64691.0714286,796.678571429,65403.3214286
42.3462037037,763.666666667,13.2083102493,12.3582117125,12.7764655498,64689.1666667,800.166666667,65402.7
42.367037037,761.766666667,13.2004799705,12.3043237251,12.8561995879,64689.7333333,799.133333333,65401.7333333
42.3878703704,759.1,13.3409090909,12.6288564567,12.945557972,64690.5,799.066666667,65403.7333333
42.4087037037,756.833333333,13.427383592,12.6443089431,12.9902416685,64689.5,799.766666667,65402.5
42.429537037,754.5,13.0437996673,12.4550831793,12.7157614127,64689.1,800.233333333,65403.0666667
42.4503703704,753.433333333,13.2063286454,12.203768705,12.6064649639,64688.4,800.8,65403.6333333
42.4712037037,752.6,13.2284235816,12.1923076923,12.6243608339,64689.2,800.066666667,65404.0
42.492037037,752.25,13.0003694126,12.2345222695,12.5445430351,64689.2142857,799.571428571,65404.5714286
42.5129166667,751.566666667,12.8321936795,12.1551819693,12.5289614523,64688.8666667,800.466666667,65403.8
42.53375,752.333333333,13.121419331,12.2183228666,12.5442840056,64688.8333333,799.866666667,65403.6333333
42.5545833333,752.9,12.954335367,12.1916112343,12.5759528377,64688.3666667,800.633333333,65402.7
42.5754166667,753.1,12.9566020314,12.1651884701,12.5592337057,64688.7333333,801.133333333,65403.3333333
42.59625,755.333333333,12.967276761,12.0221770468,12.5243663316,64688.0333333,801.5,65402.9666667
42.6170833333,757.6,13.0905228154,12.3067257945,12.6673060763,64688.5666667,801.166666667,65402.7
42.6379166667,760.333333333,13.0437350065,12.3373961219,12.6450761391,64689.5333333,800.3,65402.6
42.65875,763.535714286,13.0851181684,12.3157214114,12.7663308364,64688.3214286,800.178571429,65402.6071429
42.6796180556,765.133333333,13.3289036545,12.2833394902,12.8856348001,64687.7666667,800.966666667,65403.9666667
42.7004513889,768.166666667,13.2115845785,12.5553093259,12.8400886986,64687.8,800.633333333,65403.4666667
42.7212847222,772.066666667,13.6419730279,12.6472868217,13.0368191805,64688.2333333,800.7,65403.0333333
42.7421180556,776.366666667,13.5170821791,12.5787336164,13.0425309228,64688.1,801.333333333,65402.6333333
42.7629513889,778.333333333,13.3583548506,12.8273062731,13.089813219,64688.3333333,800.2,65403.0333333
42.7837847222,783.433333333,13.3913764511,12.7551622419,13.1146094427,64687.7666667,800.0,65403.9333333
42.8046180556,788.133333333,13.437235023,12.8042035398,13.1252567471,64688.5333333,799.866666667,65402.4333333
42.8254513889,790.607142857,60.8936797494,12.9493740795,21.9082721112,64696.4285714,786.107142857,65406.3571429
42.8463078704,792.633333333,13.1428571429,12.4825870647,12.7860219716,64688.8666667,800.0,65400.5333333
42.8671412037,794.366666667,13.4510128913,12.2166144778,12.78430194,64689.7333333,798.866666667,65401.9
42.887974537,798.1,13.1672505993,12.445057979,12.7446190312,64688.7,798.733333333,65402.0
42.9088078704,799.933333333,13.0079175106,12.1989316633,12.6781044901,64689.0,798.566666667,65403.0666667
42.9296412037,801.766666667,12.9871134021,12.2040139937,12.5594342361,64689.2,798.0,65400.9
42.950474537,803.866666667,13.0011045655,12.317252808,12.6986380442,64689.9,797.6,65403.1333333
42.9713078704,804.1,13.234167894,12.1262654151,12.789880797,64690.0333333,797.666666667,65402.2666667
42.9921412037,803.785714286,13.535050598,12.8157894737,13.1072403382,64690.1785714,796.964285714,65400.8571429
43.0129976852,803.8,13.2021335295,12.0841620626,12.7894763556,64689.0666667,799.033333333,65400.8333333
43.0338310185,804.333333333,12.8284241532,11.888622975,12.429036944,64689.3666667,798.866666667,65401.1
43.0546643519,802.133333333,13.1418844314,12.0719676054,12.6096444429,64689.4666667,798.433333333,65402.9
43.0754976852,800.666666667,13.1180044183,12.3779005525,12.6994533236,64690.0666667,797.166666667,65402.4666667
43.0963310185,799.866666667,13.047145488,12.4460603829,12.7773969233,64689.6333333,799.2,65401.8
43.1171643519,798.3,13.0859561936,12.3941847626,12.8279071798,64689.6333333,798.666666667,65403.2
43.1379976852,796.733333333,13.2012150221,12.3864849936,12.7602452252,64690.8666667,797.566666667,65402.4666667
43.1588310185,795.5,13.3079189687,12.3265757464,12.7983750497,64689.2142857,798.714285714,65402.1428571
43.1796990741,793.166666667,13.1806629834,12.3168845516,12.7565326196,64689.9666667,797.933333333,65402.5
43.2005324074,792.833333333,12.9681340947,12.3289716181,12.6320018878,64690.1333333,798.4,65402.0666667
43.2213657407,791.833333333,13.0073691968,12.1740652054,12.6061953466,64689.4,798.766666667,65402.2
43.2421990741,790.233333333,13.0965720604,12.1278320133,12.442938766,64690.2666667,797.9,65403.0
43.2630324074,788.2,12.7747283109,12.0712969786,12.4102493054,64690.1333333,798.1,65402.7666667
43.2838657407,786.733333333,13.0213824885,12.1710914454,12.550190826,64689.0,798.333333333,65403.7
43.3046990741,784.566666667,13.3129953917,12.098949696,12.808345123,64689.2333333,798.666666667,65402.7
43.3255324074,781.642857143,13.4061981184,12.5666851134,13.0170988072,64690.3928571,798.678571429,65402.7142857
43.346412037,779.8,13.4000368868,12.839203393,13.1963138534,64689.2666667,799.133333333,65403.5
43.3672453704,778.733333333,13.597601476,12.9086884339,13.1578115639,64688.9333333,798.733333333,65403.4333333
43.3880787037,777.733333333,13.6936554777,12.7997043607,13.2755915798,64689.0666667,798.966666667,65402.9333333
43.408912037,776.466666667,13.5816401921,12.7780033216,13.1919348157,64689.1,799.3,65403.3
43.4297453704,773.833333333,13.2915360502,12.6121658986,13.0297057486,64688.5,799.666666667,65403.4333333
43.4505787037,772.6,13.5762335982,12.6620473023,12.988152188,64688.8,800.2,65403.5333333
43.471412037,772.033333333,13.3814090741,12.4085624654,12.9400454149,64688.5666667,800.333333333,65402.5
43.4922453704,771.178571429,13.3838495575,12.4218778823,12.8620372203,64688.4642857,800.285714286,65403.0
43.513125,771.233333333,13.2124677241,12.4799778557,12.7392976227,64690.5,800.033333333,65402.3333333
43.5339583333,770.3,13.3738921713,12.459833795,12.8681893339,64688.2666667,800.733333333,65403.7666667
43.5547916667,769.7,13.0687107499,12.4165743817,12.8295944961,64689.2333333,800.866666667,65402.3
43.575625,771.633333333,13.450443787,12.3839203393,12.7978493525,64688.5666667,800.866666667,65403.5
43.5964583333,772.733333333,13.3512815785,12.3520191776,12.8969922422,64688.1666667,800.6,65402.9666667
43.6172916667,774.433333333,13.5212098857,12.384004433,12.7936297663,64688.3333333,800.4,65403.0666667
43.638125,776.366666667,13.5243902439,12.3425567239,12.8311916533,64687.6333333,800.666666667,65404.4666667
43.6589583333,778.107142857,13.3107709332,12.7715128063,13.0130271298,64687.8214286,800.75,65404.3571429
43.6798032407,779.5,13.3545236779,12.7147861357,13.0326361702,64688.8333333,800.1,65403.4333333
43.7006365741,783.133333333,13.5928110599,12.7904059041,13.1234693149,64688.2666667,799.966666667,65403.5666667
43.7214699074,786.033333333,13.625437788,12.850165868,13.1709128178,64687.9,799.666666667,65403.3666667
43.7423032407,788.866666667,13.5761931085,12.9485809067,13.2210986268,64688.3,800.366666667,65403.2666667
43.7631365741,791.966666667,13.5677966102,12.9646082949,13.2706183684,64688.5666667,800.7,65403.1666667
43.7839699074,792.966666667,13.5427413412,12.9375690608,13.2181621408,64689.0666667,799.833333333,65403.8666667
43.8048032407,795.8,13.540585312,12.8328726737,13.1708001318,64689.0333333,799.833333333,65403.1333333
43.8256365741,798.25,13.4471021159,12.9193072955,13.2039193272,64688.7142857,799.107142857,65401.9642857
43.8465046296,800.6,13.7084483711,12.817562592,13.3272127336,64689.2333333,798.266666667,65402.5666667
43.867337963,803.1,13.8511970534,12.8766568483,13.3016783834,64689.4666667,798.8,65402.8666667
43.8881712963,804.766666667,13.7934462445,12.9920883165,13.3447794861,64690.7333333,798.066666667,65402.3666667
43.9090046296,806.3,13.5781336278,12.7657342657,13.2523863499,64689.3666667,799.366666667,65402.3333333
43.929837963,806.433333333,13.5934450377,13.0244800294,13.3248321526,64691.6,797.4,65401.9
43.9506712963,807.366666667,13.6756856249,12.903885104,13.3380438358,64689.0,798.933333333,65403.1666667
43.9715046296,806.733333333,13.7887764489,12.9550727306,13.3418615613,64689.9666667,798.266666667,65402.0666667
43.992337963,807.285714286,13.4931910195,12.6157100809,13.0662296576,64689.1428571,798.107142857,65402.75
44.0131944444,806.566666667,13.4665930425,12.7158902596,13.0847717181,64689.3,798.233333333,65403.1666667
44.0340277778,806.6,13.3441928953,12.6700386242,13.0264131025,64690.1,798.1,65404.4333333
44.0548611111,806.1,13.2961941533,12.4160073597,12.9353412073,64689.3333333,798.7,65402.9
44.0756944444,805.066666667,13.4523546726,12.4048933039,12.897410762,64689.5,798.233333333,65403.9
44.0965277778,803.666666667,13.4553489229,12.675556373,12.9535674586,64690.0333333,798.533333333,65402.4333333
44.1173611111,803.0,13.5087396504,12.5679852806,12.900539301,64689.2,799.266666667,65402.4666667
44.1381944444,801.266666667,13.5218111541,12.4668995954,13.0479636551,64689.4,799.033333333,65402.5333333
44.1590277778,799.464285714,13.2550174922,12.468801767,12.9677381005,64689.75,797.857142857,65404.1071429
44.1799074074,797.566666667,13.4885735348,12.6475455047,13.0416282596,64689.3666667,799.566666667,65401.7333333
44.2007407407,796.133333333,13.4392041268,12.6782817109,12.9953508699,64688.7,799.733333333,65403.0666667
44.2215740741,793.633333333,13.3785924834,12.641252302,12.9896313888,64689.0333333,798.866666667,65403.4
44.2424074074,793.233333333,13.225640081,12.3711549088,12.8198431747,64689.5666667,798.8,65402.4666667
44.2632407407,792.4,13.0046074456,12.380759307,12.7096566717,64689.5333333,799.066666667,65402.4333333
44.2840740741,791.833333333,13.1789861751,12.4038674033,12.7230991232,64690.0666667,798.4,65402.7333333
44.3049074074,790.166666667,12.9415560472,12.172623434,12.557529008,64689.8666667,798.733333333,65403.6
44.3257407407,788.464285714,12.7411092685,12.1583994099,12.5201354253,64689.8571429,798.214285714,65403.1785714
44.3465972222,786.566666667,12.9867207672,12.4016227181,12.6934809409,64689.5666667,799.0,65402.9333333
44.3674305556,784.333333333,13.2814514644,12.5823811279,12.8584974719,64689.5666667,798.433333333,65405.1333333
44.3882638889,783.966666667,13.4065610026,12.5504976041,12.9611373659,64689.6,799.166666667,65403.2333333
44.4090972222,781.733333333,13.2644673793,12.5631103741,12.8511085353,64689.1333333,799.0,65402.5666667
44.4299305556,780.0,12.9968634686,12.4060483127,12.7115443241,64689.2,799.166666667,65403.7333333
44.4507638889,778.233333333,12.8048645661,12.2051612903,12.560384607,64689.5333333,799.1,65402.6
44.4715972222,778.633333333,13.0992253781,12.2349141908,12.608139366,64689.6,799.666666667,65403.2666667
44.4924305556,777.714285714,13.0520007376,12.1943932128,12.5397901017,64689.5357143,799.357142857,65403.5
44.5133217593,777.3,13.0012903226,12.1691881919,12.5370102127,64689.2333333,799.133333333,65404.3333333
44.5341550926,777.066666667,12.7757698691,12.1204574802,12.4629793618,64689.0,799.933333333,65402.9
44.5549884259,776.4,12.782143516,11.9126661743,12.2972672071,64689.4666667,799.6,65404.5666667
44.5758217593,776.666666667,12.7799299022,11.9323127997,12.2925663039,64689.1333333,799.533333333,65402.6
44.5966550926,776.666666667,12.7285635257,11.8706164636,12.2669519533,64689.0,800.5,65402.5333333
44.6174884259,776.5,12.5105990783,11.822997416,12.2143523628,64689.0666667,800.6,65403.8333333
44.6383217593,776.7,12.7577490775,11.9478052379,12.2497724034,64689.0666667,799.733333333,65404.3333333
44.6591550926,776.964285714,12.3925475005,11.7627306273,12.1404613414,64689.75,799.642857143,65403.9285714
44.68,776.866666667,12.6077816707,11.883557852,12.1843268358,64689.0666667,799.7,65404.1
44.7008333333,777.633333333,12.5856852979,11.871402214,12.2663315733,64689.3666667,799.733333333,65403.1333333
44.7216666667,778.233333333,12.7704797048,11.9088560886,12.3224169978,64689.9333333,799.966666667,65404.2666667
44.7425,778.633333333,13.004240413,12.2405016599,12.5431509264,64689.2333333,799.733333333,65404.5666667
44.7633333333,779.466666667,12.7996679579,12.0798598303,12.5015743923,64688.8333333,799.8,65402.8333333
44.7841666667,782.033333333,12.9994472084,12.2995391705,12.5893890539,64689.5,800.066666667,65403.4333333
44.805,783.6,13.0656100258,12.2930875576,12.6334302535,64688.8,799.633333333,65403.3333333
44.8258333333,784.928571429,13.0180611869,12.2903463522,12.7186837624,64689.8214286,799.142857143,65403.9642857
44.8466898148,786.2,12.9603759676,12.3220338983,12.6699025342,64689.0666667,799.633333333,65402.4333333
44.8675231481,787.2,12.9998157361,12.3882743363,12.6150082542,64689.7333333,799.6,65402.6666667
44.8883564815,787.733333333,13.0079291905,12.3725128961,12.7134274788,64689.6666667,799.5,65403.5
44.9091898148,788.266666667,13.4378338552,12.45328911,12.7503456565,64689.6666667,799.766666667,65401.6
44.9300231481,787.666666667,13.1113158865,12.3581952118,12.6645271999,64689.4333333,799.433333333,65403.3
44.9508564815,786.866666667,13.0924834193,12.1838953381,12.6049828319,64689.5,799.333333333,65403.3666667
44.9716898148,787.2,12.9255299539,12.2691599116,12.5889107379,64689.4,799.866666667,65402.4
44.9925231481,785.0,13.2299613046,12.3699815838,12.6164338234,64690.0714286,799.071428571,65404.4285714
45.0133912037,783.366666667,12.9330752212,12.2114285714,12.5288772726,64690.5333333,798.866666667,65403.8666667
45.034224537,782.066666667,12.6516129032,12.0143778802,12.4208432636,64689.6333333,800.1,65402.9333333
45.0550578704,780.9,13.0138274336,11.9255162242,12.4156527754,64689.4666667,799.666666667,65403.4333333
45.0758912037,778.466666667,12.9187096774,11.9142382885,12.3203545777,64689.6,799.666666667,65403.8
45.096724537,777.866666667,12.7657574641,11.9041474654,12.2786122097,64689.6,799.766666667,65403.7666667
45.1175578704,777.7,12.6536972156,11.9338004794,12.2828045601,64690.2666667,799.166666667,65403.0333333
45.1383912037,776.1,12.4964028777,11.8410473907,12.1342157129,64689.7333333,799.233333333,65403.5333333
45.159224537,774.178571429,12.481843318,11.7065117137,12.0780612476,64689.2857143,799.964285714,65404.1785714
45.1801157407,772.366666667,12.4397934722,11.6552296624,12.0256936056,64689.6666667,799.333333333,65404.6
45.2009490741,772.3,12.477763425,11.4099722992,12.0126554324,64689.6666667,799.7,65403.9
45.2217824074,769.533333333,12.6300738007,11.4712707182,12.0093931418,64690.0333333,798.9,65403.7333333
45.2426157407,767.9,12.5167896679,11.4876429362,11.9959726369,64689.9666667,799.933333333,65402.9
45.2634490741,766.533333333,12.3180140273,11.5497971228,11.9673172544,64690.3,799.3,65402.6
45.2842824074,765.666666667,12.2884579871,11.7178163039,11.9834981718,64690.2333333,799.466666667,65403.4333333
45.3051157407,764.933333333,12.1858962525,11.6409972299,11.9335421972,64690.4666667,799.233333333,65403.2333333
45.3259490741,764.571428571,12.0526024363,11.5189289012,11.7335759496,64689.75,799.928571429,65404.0
45.3468171296,762.566666667,11.8547434478,11.0664819945,11.3888515189,64689.5333333,800.4,65404.7333333
45.367650463,761.5,11.6328225955,10.4242983752,11.0541353855,64690.3333333,799.966666667,65404.9
45.3884837963,759.533333333,11.1425143068,10.3725997046,10.8104211056,64689.4,800.5,65403.9333333
45.4093171296,758.466666667,11.3244690674,10.4888273315,10.895218208,64690.5666667,799.266666667,65403.9
45.430150463,758.166666667,10.9443931277,10.3444198078,10.6795867908,64689.6333333,799.466666667,65404.2666667
45.4509837963,755.033333333,11.1036968577,10.3106634633,10.7376585331,64690.3666667,799.733333333,65403.7666667
45.4718171296,754.833333333,11.4561079283,10.3482357288,10.9583330376,64690.3666667,798.7,65404.7666667
45.492650463,754.821428571,11.5977478309,10.7715182859,11.1915347769,64691.6071429,798.392857143,65403.6071429
45.5135185185,755.366666667,10.7746582933,9.92664449372,10.2255540933,64690.4333333,799.133333333,65405.3
45.5343518519,755.666666667,11.0286189069,9.94238227147,10.467716044,64691.2666667,799.2,65403.5
45.5551851852,756.5,10.8867750277,10.2574330563,10.5220667113,64690.4,800.166666667,65403.1
45.5760185185,759.133333333,10.8784632434,10.0755448836,10.5321646098,64689.6666667,800.133333333,65403.4
45.5968518519,760.633333333,11.3424455116,10.3807940905,10.7771670177,64690.0,798.866666667,65403.6666667
45.6176851852,763.166666667,11.8722775932,10.8637370753,11.3139648074,64689.5333333,800.2,65402.5333333
45.6385185185,764.4,11.7376685757,10.9074963072,11.4107998724,64689.0666667,801.8,65403.2
45.6593518519,766.785714286,11.7537437604,10.9180811808,11.2761209221,64690.4285714,799.571428571,65404.9285714
45.6801851852,769.866666667,11.9544700461,10.9859726836,11.4227005033,64689.6,799.966666667,65404.0333333
45.7010185185,773.333333333,11.9485144861,10.9769797422,11.4345202391,64689.7,799.566666667,65403.1666667
45.7218518519,776.466666667,11.9297307267,11.0140143832,11.5672070943,64690.2666667,799.066666667,65405.1666667
45.7426851852,777.566666667,12.2444690265,11.3366555925,11.8895422372,64689.2,799.7,65404.4333333
45.7635185185,779.8,12.6865203762,11.8556948028,12.1456774236,64690.3,799.066666667,65404.2
45.7843518519,782.833333333,12.6105476673,11.7226828819,12.1984410808,64689.4,800.366666667,65402.8
45.8051851852,786.166666667,12.5115164916,11.9812050857,12.2178901569,64689.7333333,799.533333333,65402.2333333
45.8260185185,788.0,12.8437730287,11.1939583717,12.385629139,64689.6785714,799.785714286,65403.5
45.8468981481,793.233333333,11.4033505155,9.08827865831,10.2910732975,64690.0,797.466666667,65399.2
45.8677314815,791.333333333,10.665807402,9.83828139406,10.3614458618,64690.3666667,797.033333333,65394.2
45.8885648148,769.0,10.0416359617,8.73086876155,9.52198887853,64691.1,796.166666667,65393.9333333
45.9093981481,740.533333333,9.30223535932,7.39596818938,8.14412590604,64691.6333333,795.6,65392.8333333
45.9302314815,714.066666667,9.12581063554,7.75671669446,8.27670726908,64692.1666667,795.3,65391.1666667
45.9510648148,693.233333333,9.68722139673,8.13740740741,8.9399449445,64693.4,794.033333333,65390.0666667
45.9718981481,684.033333333,10.4222180871,9.17796767602,9.7043736758,64693.7,793.966666667,65389.7
45.9927314815,678.428571429,10.5195239866,9.8063197026,10.1440695103,64693.6071429,793.714285714,65387.9285714
46.013587963,673.8,10.0941045192,9.44766685257,9.79909939702,64692.7,795.6,65390.5666667
46.0344212963,671.933333333,10.3588027514,9.63401486989,10.0319274361,64692.3,795.233333333,65389.0
46.0552546296,671.366666667,10.4717261905,9.87665116279,10.1235072221,64692.9666667,795.666666667,65389.3333333
46.076087963,670.566666667,10.4863306677,9.78579397546,10.1877218758,64692.6,795.1,65388.4666667
46.0969212963,670.833333333,10.591255814,10.0277106193,10.3152888425,64692.4333333,795.333333333,65388.0666667
46.1177546296,670.466666667,10.8249627976,10.1843377976,10.4704538755,64693.3333333,794.6,65389.4
46.138587963,671.166666667,10.9988847584,10.151255814,10.5646786342,64693.7,795.166666667,65388.9333333
46.1594212963,670.428571429,11.1104499814,10.3873187058,10.7105160504,64692.75,794.964285714,65387.6785714
46.1803125,670.533333333,10.8090013018,10.1780133929,10.5213005797,64692.9,795.533333333,65388.3333333
46.2011458333,670.666666667,11.0606286033,10.0740189697,10.6512219452,64692.8666667,794.8,65388.3333333
46.2219791667,670.3,10.9122187093,10.3397841459,10.6620355455,64690.6,797.2,65387.7333333
46.2428125,670.2,11.0089285714,10.1108424772,10.6371280316,64691.9666667,796.633333333,65388.1333333
46.2636458333,670.266666667,11.1220238095,10.4986984009,10.8339511413,64692.4333333,796.2,65386.3333333
46.2844791667,670.1,11.2459107807,10.5488190441,10.9528452996,64691.6333333,796.566666667,65387.0666667
46.3053125,670.433333333,11.48828125,10.6738604651,11.1350495868,64692.6666667,796.3,65388.1666667
46.3261458333,670.571428571,11.5818452381,10.8893023256,11.2749657117,64692.8571429,795.178571429,65388.6785714
46.3469907407,670.166666667,11.658110119,10.9510515541,11.2409384392,64693.5666667,795.233333333,65388.2333333
46.3678240741,670.6,11.9449404762,10.9589066567,11.4563772659,64692.9666667,796.266666667,65388.6333333
46.3886574074,669.6,12.1864186047,11.1726832899,11.5976384877,64693.5333333,795.2,65386.8333333
46.4094907407,668.333333333,12.3242790698,11.351758794,11.712564362,64693.4666667,794.866666667,65389.1
46.4303240741,664.633333333,12.0414729403,11.0476101916,11.6212241912,64693.9333333,795.433333333,65387.7333333
46.4511574074,663.566666667,11.9559233773,11.1010608599,11.5700302497,64692.5333333,795.966666667,65388.6666667
46.4719907407,662.5,12.1240930233,11.3195530726,11.682230994,64694.1,795.066666667,65387.9
46.4928240741,663.357142857,12.2482784292,11.057531186,11.7700793106,64693.1071429,795.107142857,65387.3214286
46.5136805556,663.733333333,11.840372093,11.0634654755,11.4436035704,64692.3333333,796.133333333,65388.7666667
46.5345138889,665.066666667,12.1662013773,11.2755861556,11.5685737592,64692.3666667,796.6,65386.1
46.5553472222,665.966666667,12.0288372093,11.3087223359,11.6812447507,64693.1666667,795.533333333,65388.0666667
46.5761805556,668.766666667,12.2845724907,11.360372093,11.7594630652,64692.6333333,796.366666667,65387.3333333
46.5970138889,670.366666667,11.9737576773,11.0264382796,11.5796781965,64692.2,796.6,65386.7666667
46.6178472222,671.3,11.9022892239,11.0029761905,11.4393577426,64692.4,796.7,65387.8666667
46.6386805556,673.066666667,12.1130531796,11.288,11.6664520705,64691.8,796.7,65386.2
46.6595138889,677.642857143,12.5246328314,11.569305091,11.9699914879,64692.2142857,796.5,65386.0357143
46.6803935185,680.766666667,12.1713754647,11.4170536875,11.81826877,64692.6666667,796.7,65387.4
46.7012268519,685.333333333,12.1097085576,11.5452518119,11.8417471536,64691.5666667,797.033333333,65386.9333333
46.7220601852,687.466666667,12.2820274786,11.3177431329,11.7326241755,64691.4,797.466666667,65386.5666667
46.7428935185,692.233333333,11.9756867112,11.3837295691,11.6480308555,64692.1,796.633333333,65386.4666667
46.7637268519,697.566666667,11.9068299926,11.2044270833,11.521135927,64691.9,797.366666667,65385.9
46.7845601852,699.8,12.1402757079,10.7089593767,11.4447424049,64691.3,796.866666667,65386.2666667
46.8053935185,704.133333333,11.689572143,10.738073139,11.2399266159,64691.2666667,796.833333333,65385.8333333
46.8262268519,711.607142857,11.2776335312,9.32740081572,10.3033069204,64692.25,795.607142857,65386.25
46.8471064815,729.1,9.52768005925,8.24158342582,8.77328632039,64691.5333333,796.9,65384.1333333
46.8679398148,736.366666667,10.2566617321,8.52182759896,9.16319949948,64692.2333333,795.766666667,65386.0
46.8887731481,731.1,10.9320496204,9.384572697,10.1897325258,64691.6,796.433333333,65385.5
46.9096064815,720.0,11.5484528442,10.4884194923,11.0623569407,64692.6666667,796.166666667,65383.8
46.9304398148,712.0,11.5878428466,10.8416172107,11.187737168,64692.3,795.233333333,65385.8
46.9512731481,707.4,11.5458758109,10.7921764924,11.1251136474,64692.4333333,796.033333333,65385.2666667
46.9721064815,703.833333333,11.4939714339,10.4625925926,11.0654097765,64694.0333333,794.8,65385.3
46.9929398148,701.642857143,12.7201561919,10.3684112843,11.0661407867,64693.0,795.321428571,65385.6428571
47.0138078704,699.233333333,12.3302342878,10.4399925802,11.0550939295,64692.0666667,796.466666667,65385.2333333
47.0346412037,699.766666667,12.6295884316,10.4693877551,10.9250287728,64693.4333333,795.933333333,65384.3333333
47.055474537,698.7,11.5319859077,9.97256210604,10.5396704351,64693.2666667,796.0,65384.8333333
47.0763078704,699.1,12.2039069767,9.68666666667,10.4809594413,64693.8333333,795.5,65384.8333333
47.0971412037,699.066666667,11.7858074129,9.81425925926,10.4486163841,64693.8666667,795.6,65384.2666667
47.117974537,698.866666667,11.1128043115,9.71277777778,10.1873152251,64694.1,795.566666667,65384.7666667
47.1388078704,699.266666667,11.2591213701,9.7466641957,10.3060610604,64693.1333333,796.033333333,65384.1666667
47.1596412037,699.392857143,11.7054018934,9.92564435379,10.3988670336,64692.9642857,795.607142857,65384.6071429
47.1804861111,699.533333333,11.8898148148,9.7462962963,10.492088537,64692.3333333,796.4,65384.8333333
47.2013194444,698.566666667,10.7961111111,9.48759259259,10.2264681623,64692.4666667,795.7,65385.9666667
47.2221527778,699.633333333,11.2948051948,9.40425925926,10.1018912264,64691.8666667,796.7,65383.6333333
47.2429861111,699.0,11.5328764586,9.36351851852,10.0733167813,64692.3666667,795.933333333,65386.6
47.2638194444,699.666666667,10.8301851852,9.65111111111,10.0702705894,64692.2333333,795.533333333,65386.3333333
47.2846527778,699.166666667,10.7353703704,9.41166666667,10.0370231511,64692.9666667,795.933333333,65384.9
47.3054861111,699.333333333,11.4973043317,9.35055555556,9.99472548282,64693.1333333,796.066666667,65384.7333333
47.3263194444,698.964285714,10.4888682746,9.65430267062,9.980416262,64692.5714286,796.178571429,65384.9285714
47.3471759259,699.133333333,11.5764814815,9.60592592593,10.2326426037,64692.3,796.633333333,65385.9666667
47.3680092593,698.933333333,11.2688888889,9.71619365609,10.1355254015,64692.5333333,796.933333333,65382.9
47.3888425926,699.033333333,10.8238888889,9.4381376368,9.95957253881,64691.8666667,796.433333333,65384.9666667
47.4096759259,699.5,12.422288483,9.60982391103,10.320230368,64692.6666667,796.033333333,65385.7333333
47.4305092593,698.9,11.5928677563,9.53296296296,10.2469558396,64692.5333333,795.9,65384.2
47.4513425926,699.033333333,10.7719591458,9.86481481481,10.2372946266,64691.3333333,797.733333333,65385.6666667
47.4721759259,699.4,11.6080429948,9.35389489378,10.0778411584,64692.5666667,796.9,65385.4666667
47.4930092593,699.357142857,10.4324878777,9.38666666667,9.80290298425,64693.3928571,796.25,65385.4285714
47.5138888889,699.4,10.2854494903,9.35514365153,9.90738700895,64692.5,797.0,65384.6
47.5347222222,700.533333333,10.2764333582,8.92423398329,9.40359905354,64692.7333333,796.5,65383.8
47.5555555556,703.166666667,9.78066081762,8.9,9.18589932269,64691.1,797.066666667,65386.1
47.5763888889,704.7,9.5542772314,8.63179373029,9.08323093634,64691.1,797.066666667,65384.2
47.5972222222,707.666666667,9.21929499072,8.42057460612,8.82801886211,64692.6,796.433333333,65385.4
47.6180555556,710.966666667,8.95108393552,8.52364175783,8.73065537966,64691.6666667,796.133333333,65385.0
47.6388888889,714.133333333,9.04247032641,8.38113766908,8.69061124323,64691.8666667,796.966666667,65384.5333333
47.6597222222,718.25,8.95720637273,8.14516129032,8.46457807382,64691.5357143,797.107142857,65384.0357143
47.6805902778,721.1,8.62175685693,8.00500370645,8.33581239705,64691.7333333,796.833333333,65383.7
47.7014236111,724.466666667,8.36988331172,7.78162622708,8.0904520821,64691.6333333,796.3,65384.0333333
47.7222569444,728.266666667,8.01166450657,7.30029640608,7.79362469704,64691.4666667,796.5,65384.6
47.7430902778,733.666666667,8.12201444177,7.31174838113,7.68581650709,64691.6,796.2,65383.9
47.7639236111,736.566666667,7.78897725171,7.27429205997,7.54219785857,64692.0333333,795.366666667,65383.3333333
47.7847569444,740.1,7.71977818854,7.16558741906,7.40512743234,64691.4,796.366666667,65384.3333333
47.8055902778,744.0,7.62768319763,7.01553541705,7.25155826616,64692.2333333,796.033333333,65382.8333333
47.8264236111,747.178571429,7.68219633943,6.89151727962,7.27521740675,64691.9642857,795.321428571,65384.0714286
47.8472916667,750.8,7.54443007574,6.88691796009,7.21694203474,64691.9333333,795.966666667,65382.6
47.868125,752.8,7.80325143174,6.90223618555,7.18489358007,64691.7666667,795.033333333,65384.6666667
47.8889583333,754.733333333,7.35887022337,6.60073868883,7.09491759027,64691.8,796.3,65381.5333333
47.9097916667,757.766666667,7.26117473218,6.58507297247,6.93326124309,64691.6333333,795.7,65383.8666667
47.930625,760.0,7.27012555391,6.63245338748,6.89451859738,64691.3,795.2,65383.1
47.9514583333,761.833333333,7.14372693727,6.37444608567,6.74943982623,64691.5,795.233333333,65383.7333333
47.9722916667,762.566666667,6.9769415237,6.35799963093,6.64911286257,64691.8666667,794.366666667,65384.9333333
47.993125,763.678571429,7.05650969529,6.21742340347,6.60728680642,64691.75,795.285714286,65384.6428571
48.0139814815,764.233333333,6.80612998523,6.32096714655,6.54650883039,64691.8333333,794.166666667,65384.3333333
48.0348148148,764.5,6.7865189289,6.08478019948,6.46229964593,64691.2,794.533333333,65383.7666667
48.0556481481,763.633333333,6.8409678611,6.06329581104,6.43317363591,64691.6666667,795.1,65383.5666667
48.0764814815,762.9,6.64438700148,6.12322187327,6.42480105998,64691.8,795.333333333,65382.9333333
48.0973148148,761.4,6.71473412112,5.91391095511,6.30084489894,64692.0666667,795.833333333,65382.4666667
48.1181481481,760.7,6.73444136657,5.83693444137,6.25829393073,64691.2333333,795.333333333,65384.0666667
48.1389814815,759.833333333,6.44579870729,5.77824963072,6.1974304084,64691.9,794.7,65383.8333333
48.1598148148,758.964285714,6.71964516725,5.97950516987,6.33886689929,64692.8571429,794.107142857,65384.2857143
48.1806712963,756.933333333,6.65206947524,5.98559290728,6.34263640427,64691.0,795.133333333,65383.1666667
48.2015046296,754.966666667,6.82683422658,5.8772383238,6.2742120053,64692.8333333,794.8,65383.9
48.222337963,753.8,6.62105263158,5.89001848429,6.30201138044,64693.2333333,793.633333333,65384.6
48.2431712963,753.033333333,6.56955477554,6.06653114027,6.33653911861,64691.4,794.6,65385.6666667
48.2640046296,752.5,6.64252724921,6.11324588953,6.3518409724,64692.6666667,794.7,65384.5333333
48.284837963,751.4,6.62007764836,6.04082009605,6.33812268294,64691.9666667,794.466666667,65383.5333333
48.3056712963,749.9,6.87518463811,6.15120147874,6.45538817048,64692.1666667,794.166666667,65383.7333333
48.3265046296,746.428571429,6.94175295858,6.113388735,6.46210034559,64691.9642857,794.714285714,65382.8928571
48.3473842593,742.933333333,6.95599112426,6.14922337278,6.60484078485,64693.1,793.3,65383.9333333
48.3682175926,739.0,7.2230854606,6.57690172127,6.88294669472,64693.2666667,793.466666667,65383.2666667
48.3890509259,734.966666667,7.55551443375,6.72128722027,7.1035717376,64693.7333333,793.6,65383.6333333
48.4098842593,723.5,7.71396813635,6.80610545791,7.22914019546,64694.3,793.233333333,65382.7
48.4307175926,703.4,9.530221313,7.39209500835,7.81978634179,64693.7333333,794.033333333,65385.0333333
48.4515509259,690.2,8.30391974735,7.69060876021,8.05359476497,64694.0,793.7,65383.6
48.4723842593,683.666666667,8.41299907149,7.61389817912,7.98498845132,64695.0333333,792.966666667,65383.6333333
48.4932175926,677.214285714,8.50130111524,7.91456166419,8.16607154273,64694.6428571,793.321428571,65385.3928571
48.5140856481,672.8,8.12007434944,7.48066195612,7.85206835489,64694.3666667,794.133333333,65384.1333333
48.5349189815,670.433333333,8.28327137546,7.49944237918,7.8704063948,64692.8,794.433333333,65384.4333333
48.5557523148,668.666666667,8.12230483271,7.57828188918,7.92512871652,64693.7,794.633333333,65383.9333333
48.5765856481,666.8,8.24618817404,7.58161176252,7.96254424561,64694.1,794.666666667,65385.0666667
48.5974189815,664.866666667,8.2888764881,7.53013392857,7.84510406216,64694.0666667,795.566666667,65382.4666667
48.6182523148,665.033333333,8.26817928213,7.52912711707,7.88907231762,64692.8,794.866666667,65383.1
48.6390856481,663.866666667,8.05138707876,7.41172093023,7.77454499977,64694.4333333,794.466666667,65384.0666667
48.6599189815,663.25,8.25939709713,7.59299944144,7.97200535639,64694.3571429,795.035714286,65384.7142857
48.680775463,663.033333333,8.44465116279,7.65531994048,8.07357105721,64693.3,794.5,65385.1333333
48.7016087963,663.233333333,8.49385703649,7.74088541667,8.08265703924,64693.9333333,794.633333333,65382.3666667
48.7224421296,662.933333333,8.53721622627,7.74525139665,8.13996662989,64692.6333333,795.533333333,65382.7666667
48.743275463,662.7,8.43253303555,7.81948317531,8.07689299004,64692.5666667,795.966666667,65383.5
48.7641087963,662.566666667,8.81365073461,7.89008740934,8.22658246999,64693.5666667,795.6,65383.5
48.7849421296,662.633333333,8.7224702381,7.89124767225,8.27433812849,64693.5333333,794.966666667,65383.7666667
48.805775463,662.866666667,8.6496744186,7.94510606624,8.2961379689,64694.0333333,795.766666667,65382.5666667
48.8266087963,662.571428571,8.59791705412,7.99888309754,8.31830635719,64693.6785714,795.25,65383.3928571
48.8475,663.033333333,8.50930405657,7.96335565476,8.21476475905,64692.6666667,795.466666667,65383.2
48.8683333333,663.1,8.82496279762,7.77238042062,8.25930162561,64692.8666667,795.3,65382.9
48.8891666667,663.833333333,8.78809302326,7.7871627907,8.22451124259,64693.4333333,794.8,65383.2333333
48.91,663.866666667,8.52857940793,7.78653774637,8.14778910746,64693.7,794.466666667,65383.0333333
48.9308333333,663.933333333,8.7435324772,8.03255208333,8.25954620538,64693.3,795.4,65383.2666667
48.9516666667,664.6,8.5837827785,7.8768372093,8.24821678761,64693.7666667,795.766666667,65383.5
48.9725,663.3,8.66772093023,8.01413690476,8.29182697002,64693.6,794.366666667,65383.2333333
48.9933333333,662.678571429,8.74181547619,8.04909801004,8.3537518094,64693.3928571,795.357142857,65382.4285714
49.0141782407,660.3,8.62386004095,7.87953826103,8.26792472957,64693.3,795.4,65383.7333333
49.0350115741,659.166666667,8.67572093023,7.89562790698,8.28963581494,64693.2,796.1,65383.8666667
49.0558449074,658.033333333,8.620394492,7.82005954596,8.29515390785,64693.1333333,796.133333333,65381.5666667
49.0766782407,656.966666667,8.61541325391,7.85722263589,8.29137241028,64693.8666667,795.3,65383.7666667
49.0975115741,656.6,8.52624720774,7.91381236039,8.21139353126,64694.1,795.1,65382.7666667
49.1183449074,656.533333333,8.64675227992,7.96405959032,8.27974091227,64693.8,795.366666667,65381.5666667
49.1391782407,656.666666667,8.64011909192,7.7578183172,8.33310215941,64692.5666667,796.366666667,65383.4
49.1600115741,656.857142857,8.59359880908,7.8730454207,8.31609486836,64693.5,795.0,65384.0
49.1808680556,656.6,8.6949562628,8.10835970955,8.35906259731,64693.0666667,795.433333333,65383.0333333
49.2017013889,657.4,8.74078212291,8.12190582542,8.40879275551,64693.9,795.6,65382.3333333
49.2225347222,657.1,8.71880230612,8.16183035714,8.456245852,64693.9333333,795.6,65382.9
49.2433680556,657.733333333,8.81769087523,8.14599627561,8.4702641468,64693.2666667,795.566666667,65383.7666667
49.2642013889,658.466666667,8.7792256143,8.15218604651,8.4555842478,64694.5,794.566666667,65383.0
49.2850347222,658.033333333,10.8147803425,8.15147004094,8.58149771795,64693.3,795.833333333,65381.4333333
49.3058680556,659.233333333,9.0154447339,8.12230081906,8.54452052521,64693.1666667,795.066666667,65383.1666667
49.3267013889,658.821428571,9.01879419427,8.264,8.56492368993,64693.2857143,795.357142857,65382.25
49.3475810185,659.6,9.14030517306,8.29145728643,8.63248415939,64693.2333333,795.666666667,65382.8666667
49.3684143519,659.866666667,8.92946212544,8.21149553571,8.6630107727,64693.9,795.1,65381.1
49.3892476852,659.9,9.17045031634,8.30349832527,8.72631817076,64693.0333333,795.666666667,65383.2
49.4100810185,660.466666667,8.71569356638,8.13897674419,8.39867059375,64693.0,796.1,65382.7666667
49.4309143519,660.633333333,8.58020096762,7.87611607143,8.29899865258,64692.7333333,796.366666667,65382.7666667
49.4517476852,661.266666667,8.5103255814,7.82983076065,8.17053778458,64692.4,796.7,65383.4333333
49.4725810185,661.166666667,8.49600148782,7.82635399218,8.21750019461,64692.5,796.266666667,65383.3
49.4934143519,662.535714286,8.52530703387,7.86772093023,8.19025415758,64692.3571429,796.642857143,65382.5
49.5143055556,663.1,8.5687697748,8.04255714551,8.31225158239,64692.7666667,796.366666667,65383.0333333
49.5351388889,664.366666667,8.64733221788,8.10693695369,8.38455881153,64692.7,796.9,65382.2666667
49.5559722222,665.266666667,8.76958868416,8.06525376464,8.41536901733,64692.3,796.8,65382.6666667
49.5768055556,666.533333333,8.81075548939,8.16180026037,8.5262072941,64693.6,796.0,65382.2
49.5976388889,669.5,8.95445250046,8.16827817032,8.59508670714,64692.5333333,796.366666667,65383.1
49.6184722222,670.933333333,8.91128882276,8.23038304202,8.61431993602,64692.4666667,796.6,65382.1333333
49.6393055556,671.1,8.87386046512,8.28648447667,8.52857879468,64692.4333333,796.266666667,65381.2666667
49.6601388889,672.071428571,9.00594685003,8.29559397658,8.55453795792,64692.6428571,796.25,65381.5
49.6809953704,674.066666667,8.81840148699,8.23498791597,8.48235328937,64691.5666667,797.1,65383.2666667
49.7018287037,676.666666667,8.86019706265,8.29964703697,8.55448640597,64692.2666667,797.0,65382.4666667
49.722662037,678.466666667,9.06596060944,8.43961352657,8.80137086841,64691.7333333,796.166666667,65381.2
49.7434953704,680.1,9.38061641292,8.65713224368,9.01038372174,64691.7,796.333333333,65381.5
49.7643287037,682.233333333,9.80979773613,9.01932008174,9.39379995804,64692.8666667,795.0,65380.3333333
49.785162037,683.8,9.86910508726,9.15694650817,9.54573953316,64692.9666667,794.666666667,65381.7333333
49.8059953704,685.233333333,9.80816326531,9.1149062558,9.49653182815,64693.0333333,794.8,65381.3333333
49.8268287037,686.428571429,9.80817084494,9.0295264624,9.46584151432,64692.7857143,795.357142857,65382.0357143
49.8476736111,687.066666667,9.79305864885,8.99758633494,9.41633330936,64693.1,794.733333333,65381.9333333
49.8685069444,689.0,9.81727019499,9.06229143493,9.42445965706,64692.3,795.366666667,65381.3666667
49.8893402778,689.266666667,9.89190193165,8.84194923105,9.39419330969,64692.6666667,794.833333333,65381.8333333
49.9101736111,691.166666667,9.99795994065,9.14699331849,9.53352256362,64693.0666667,794.6,65380.1333333
49.9310069444,691.2,9.992948599,9.22914349277,9.57681710587,64692.8,795.0,65381.6
49.9518402778,692.3,10.235009311,9.20919881306,9.5845868323,64693.5,795.6,65380.8666667
49.9726736111,692.6,10.8646239554,9.13759259259,9.66379261158,64693.9666667,794.766666667,65382.0
49.9935069444,692.678571429,11.0218518519,9.14981481481,9.68101980705,64693.0714286,794.964285714,65381.9642857
50.0143634259,690.533333333,10.7246242346,9.30634979577,9.64934350223,64693.7,794.233333333,65381.0666667
50.0351967593,686.133333333,9.69022444815,9.17959183673,9.46547527464,64693.6333333,794.4,65381.5
50.0560300926,681.9,9.87493031035,9.08155303734,9.43537735114,64694.4666667,794.633333333,65382.1333333
50.0768634259,677.9,9.72224285184,8.87662578967,9.34842699949,64693.3333333,794.933333333,65382.5666667
50.0976967593,674.6,9.57872261418,8.92866431358,9.35145653026,64693.6666667,795.566666667,65381.8333333
50.1185300926,673.833333333,9.84593941647,8.98606207025,9.44146222951,64693.8333333,795.666666667,65382.4
50.1393634259,672.366666667,10.079167441,9.32881040892,9.61096644962,64693.1,795.5,65381.3333333
50.1601967593,672.928571429,10.119330855,9.29306820294,9.77812454467,64692.9642857,795.75,65380.9285714
50.181087963,671.966666667,10.0983271375,9.456133829,9.73258179804,64693.9666667,795.466666667,65381.8
50.2019212963,672.1,10.13964299,9.35904107043,9.78700965225,64695.1333333,794.566666667,65381.2333333
50.2227546296,671.6,10.1637546468,9.55615470435,9.88343769078,64693.5,795.5,65381.0333333
50.243587963,671.833333333,10.4521108425,9.6452991453,9.96091657825,64693.1333333,795.0,65382.0333333
50.2644212963,673.133333333,10.3695167286,9.56202343314,9.95365138981,64694.3666667,795.266666667,65381.6666667
50.2852546296,672.366666667,10.2860594796,9.59706483374,9.93955578067,64693.4,794.366666667,65382.2333333
50.306087963,672.6,10.4040535515,9.51449275362,9.91766375024,64693.6666667,795.233333333,65381.3666667
50.3269212963,672.035714286,10.1669455289,9.66400297343,9.9070520832,64693.1428571,794.678571429,65382.0
50.3477662037,673.233333333,10.0421933086,9.45709509658,9.79579875023,64693.6333333,795.166666667,65382.3333333
50.368599537,672.666666667,10.2770546672,9.54815916698,9.84270105697,64693.9,795.5,65381.4
50.3894328704,673.0,10.0830391975,9.42878393455,9.74653450305,64692.9333333,795.933333333,65382.0666667
50.4102662037,672.9,9.9966536531,9.49832651543,9.74330910741,64692.9,796.066666667,65380.9666667
50.431099537,673.366666667,10.1577380952,9.46754695927,9.76234022043,64693.1,795.633333333,65382.2
50.4519328704,673.3,10.0196989407,9.40293516626,9.65201863592,64692.8333333,795.566666667,65381.8333333
50.4727662037,674.3,10.0907569277,9.36422734027,9.70904145475,64691.4666667,796.3,65381.1666667
50.493599537,674.285714286,10.1080126418,9.45417363822,9.66157031842,64692.8571429,796.071428571,65382.0714286
50.5144675926,674.9,9.87339892333,9.11792014856,9.54925343591,64692.4,796.5,65380.8333333
50.5353009259,676.0,9.82398811734,9.14381270903,9.58551326423,64692.3666667,795.7,65381.7666667
50.5561342593,678.1,9.95913059632,9.417131178,9.65952859916,64692.0666667,796.5,65381.9
50.5769675926,678.8,10.0540892193,9.35617455896,9.63878951097,64692.8666667,796.733333333,65380.8333333
50.5978009259,679.6,9.99387300408,9.35402341572,9.669118684,64692.6666667,795.733333333,65381.5
50.6186342593,682.1,10.181750604,9.56341689879,9.84557745568,64691.9333333,796.766666667,65381.2
50.6394675926,684.8,10.2698736999,9.55609212481,9.86940801621,64692.6333333,796.2,65382.0666667
50.6603009259,685.928571429,10.329064588,9.59962825279,9.96963678184,64691.8214286,796.535714286,65381.2142857
50.6811921296,687.2,10.3544914625,9.7293986637,9.98442883366,64692.7333333,796.666666667,65382.2
50.702025463,689.8,10.2585374907,9.44912736725,9.88490955178,64691.6333333,796.333333333,65381.4
50.7228587963,693.666666667,10.622962963,9.55759259259,9.95506077769,64692.7666667,795.766666667,65381.8333333
50.7436921296,697.233333333,10.4754219996,9.26277777778,9.87788924227,64692.3666667,795.4,65380.7666667
50.764525463,699.5,10.367991088,9.31620919881,9.89388648289,64692.9,795.166666667,65381.9
50.7853587963,702.966666667,10.1082684464,9.48589981447,9.83283943281,64691.4666667,796.733333333,65379.7333333
50.8061921296,706.466666667,10.06318325,9.52447163515,9.8116963344,64692.7666667,795.233333333,65381.4
50.827025463,708.928571429,10.1582947173,9.26233766234,9.73685206292,64691.9642857,795.821428571,65379.9285714
50.8478587963,711.733333333,9.92186632105,9.2992403187,9.58914524371,64692.9666667,795.2,65380.4666667
50.8686921296,714.566666667,9.91404223787,9.14208966284,9.48740443567,64691.6666667,795.733333333,65380.6333333
50.889525463,717.633333333,9.84827713968,9.18528812303,9.51579653715,64692.5333333,795.0,65381.7
50.9103587963,718.733333333,9.83546178049,9.10081541883,9.46743085294,64692.4,794.966666667,65380.7
50.9311921296,721.733333333,9.80581266198,9.17425925926,9.47431543961,64692.0666667,795.166666667,65381.0333333
50.952025463,722.866666667,9.81343697946,9.29264678644,9.50467827853,64692.4666667,795.6,65379.7333333
50.9728587963,723.566666667,9.68561377523,9.01535615171,9.3696294229,64691.0666667,796.333333333,65380.3
50.9936921296,724.142857143,9.72351851852,8.84968530174,9.41818474829,64692.2142857,794.857142857,65382.0357143
51.0145949074,724.433333333,9.76739452258,8.9187338023,9.33590665983,64691.5333333,794.266666667,65380.8
51.0354282407,724.5,9.87060348019,9.07198371577,9.38242476497,64692.2,795.2,65380.2333333
51.0562615741,725.4,9.5844131803,9.05108273182,9.32250171208,64691.7666667,794.966666667,65380.5333333
51.0770949074,725.566666667,9.78789561355,8.95002776235,9.32994370897,64692.7333333,794.233333333,65380.4333333
51.0979282407,725.566666667,9.7273399926,8.89102682701,9.29364384506,64692.1666667,794.366666667,65380.8
51.1187615741,725.066666667,9.93649324199,9.09433962264,9.36237465897,64693.0666667,794.366666667,65380.0666667
51.1395949074,725.8,9.77234869517,8.88027387121,9.32502521423,64692.7666667,794.666666667,65379.5666667
51.1604282407,724.928571429,9.69726128793,9.20070292268,9.43896897799,64692.0357143,795.357142857,65379.6785714
51.1812615741,725.033333333,9.90233074362,9.19044975014,9.58877935906,64692.5666667,795.4,65379.6333333
51.2020949074,724.533333333,9.89663461538,9.23760177646,9.57452853968,64692.2666667,794.833333333,65379.6
51.2229282407,724.5,10.1566086635,9.2224689987,9.5783505139,64691.9,795.366666667,65379.3
51.2437615741,724.2,10.0744444444,9.36789483429,9.68633611979,64692.8666667,794.633333333,65379.7
51.2645949074,723.6,10.0627661544,9.33685380767,9.70537539085,64692.6666667,794.1,65379.3333333
51.2854282407,723.766666667,10.230099963,9.28151027207,9.70847795054,64691.8333333,794.866666667,65380.2333333
51.3062615741,723.433333333,10.1461880089,9.42410218438,9.77858038659,64693.5333333,795.5,65379.6333333
51.3270949074,723.035714286,9.89657724329,9.39955563784,9.69377212558,64692.75,795.107142857,65380.25
51.347962963,722.233333333,10.2545353573,9.44750972042,9.81508790061,64692.9333333,794.6,65379.4
51.3687962963,720.933333333,10.2782817997,9.46943312338,9.89709754093,64692.9333333,795.233333333,65379.3333333
51.3896296296,719.666666667,10.4054454529,9.54585881045,9.91519484394,64692.8666667,795.633333333,65379.2333333
51.410462963,719.966666667,10.6167808853,9.81952936817,10.0649229923,64693.3666667,795.233333333,65380.3666667
51.4312962963,719.1,10.460584752,9.68957214299,10.0547265851,64693.6333333,794.9,65379.6666667
51.4521296296,717.933333333,10.4499629355,9.66438229302,10.033953084,64692.6,795.4,65379.3666667
51.472962963,718.8,10.6890740741,9.78689131642,10.1481923047,64694.0666667,795.0,65380.1
51.4937962963,718.321428571,10.6747500926,9.875,10.2672292278,64693.8214286,794.75,65379.0714286
51.5146643519,717.366666667,10.5193482688,9.91453466815,10.2144092439,64693.1333333,795.466666667,65378.5666667
51.5354976852,718.166666667,10.6622823268,10.0392810821,10.3490111172,64693.1333333,795.966666667,65378.8666667
51.5563310185,718.733333333,10.6096385542,9.81274310057,10.1901109805,64693.2333333,795.433333333,65379.2
51.5771643519,718.866666667,10.6395112016,9.91035376922,10.1679352084,64692.3,795.733333333,65379.5333333
51.5979976852,719.466666667,10.5996296296,9.8063021316,10.1453380218,64692.4,795.666666667,65378.4666667
51.6188310185,721.1,10.4618377177,9.91793256762,10.2031938493,64692.5,795.5,65380.0333333
51.6396643519,722.833333333,10.8901648453,9.9527690313,10.3472913088,64692.8333333,795.3,65378.2333333
51.6604976852,723.428571429,10.7768518519,10.0318400592,10.3807110491,64693.25,795.642857143,65378.5357143
51.6813657407,724.166666667,10.5448658649,9.79155868197,10.2418943632,64693.3666667,795.733333333,65379.3333333
51.7021990741,725.2,10.3425925926,9.79574468085,10.0779987621,64692.9,795.733333333,65378.9666667
51.7230324074,728.633333333,10.1364814815,9.59518963922,9.88186280175,64693.8666667,795.466666667,65378.3
51.7438657407,730.6,10.2642870353,9.41547861507,9.75773355332,64693.3333333,795.733333333,65378.2333333
51.7646990741,734.1,10.1087680355,9.21120769373,9.61991060407,64693.5,795.933333333,65378.1666667
51.7855324074,736.133333333,9.88790233074,9.05789863115,9.45674437951,64692.9666667,795.233333333,65379.4
51.8063657407,737.733333333,9.79222941721,9.06160962072,9.41127251482,64692.8333333,795.8,65377.6666667
51.8271990741,738.357142857,9.61319534282,8.90460343871,9.17794857534,64693.7142857,794.678571429,65379.0714286
51.8480671296,739.433333333,9.65107248521,8.72176002958,9.08289132611,64693.1,795.3,65378.0333333
51.868900463,740.666666667,9.15293683044,8.52652985764,8.80792056559,64693.4,794.966666667,65377.7
51.8897337963,742.466666667,9.04951043783,8.39582177852,8.74352339926,64692.7333333,795.3,65377.9666667
51.9105671296,744.266666667,9.18218773097,8.27054478301,8.70584381453,64692.6333333,795.033333333,65377.1666667
51.931400463,744.466666667,9.03120960295,8.35372389577,8.72919661149,64692.6,795.533333333,65377.5
51.9522337963,745.233333333,9.07703676335,8.53580018501,8.79037324259,64693.1333333,794.8,65378.3666667
51.9730671296,745.7,9.07206208426,8.37719460359,8.70623872487,64692.8666667,794.966666667,65377.6
51.993900463,746.035714286,9.06074593796,8.43738455855,8.7267594758,64693.5714286,794.678571429,65378.0357143
52.0147685185,745.166666667,9.22770083102,8.61050490105,8.81661841337,64693.7666667,794.633333333,65377.8
52.0356018519,745.733333333,8.92610382413,8.29192087262,8.64950780216,64693.3333333,794.533333333,65378.3
52.0564351852,744.166666667,8.72912047302,8.08975069252,8.43567505245,64693.4,794.833333333,65377.9666667
52.0772685185,744.366666667,8.629088893,7.96026612456,8.3252641872,64693.5,794.766666667,65376.9666667
52.0981018519,743.9,8.54773776547,7.9075443787,8.21910833641,64692.2666667,794.966666667,65377.3333333
52.1189351852,744.166666667,8.40380354505,7.86321626617,8.15905750348,64693.5333333,795.366666667,65378.6333333
52.1397685185,743.2,8.44962100203,7.78997966352,8.06451600172,64693.7333333,794.0,65378.2
52.1606018519,742.214285714,8.59268157457,7.8060583672,8.17860505062,64694.5,794.75,65378.3214286
52.1814699074,741.466666667,8.55241264559,7.77837338262,8.07254027401,64693.7333333,794.833333333,65377.7
52.2023032407,740.133333333,8.47420965058,7.7216780632,8.05796690491,64694.3333333,795.766666667,65377.8
52.2231365741,739.733333333,8.16075388027,7.46817172465,7.75415739099,64693.4666667,794.8,65376.8666667
52.2439699074,738.466666667,8.12497689037,7.33746301775,7.65733106082,64693.4333333,794.4,65378.8
52.2648032407,737.9,7.94337527757,7.27039023488,7.60151675683,64694.2,794.433333333,65377.0
52.2856365741,737.666666667,7.72876965772,6.94782608696,7.41867961053,64694.1666667,794.633333333,65376.8666667
52.3064699074,737.033333333,7.60946745562,7.13276627219,7.38938901358,64694.0,794.2,65377.8333333
52.3273032407,736.107142857,7.71309655938,7.02202480104,7.35419734355,64693.5714286,795.857142857,65376.75
52.3481597222,734.3,7.85936343449,7.21073080481,7.49913976528,64694.0333333,794.2,65376.3666667
52.3689930556,734.2,8.07329261521,7.36027371925,7.66880821593,64694.4333333,794.533333333,65377.7666667
52.3898263889,732.5,8.23982235381,7.51868294488,7.82817341051,64693.9666667,794.6,65377.7333333
52.4106597222,730.333333333,8.40037002775,7.4693915295,7.85938858592,64693.7,794.666666667,65376.6333333
52.4314930556,728.933333333,8.35492227979,7.68554506756,8.00269428826,64693.1666667,795.733333333,65376.1333333
52.4523263889,727.166666667,8.50555555556,7.78345363687,8.08628328279,64693.7333333,795.133333333,65377.9
52.4731597222,725.7,8.40888066605,7.6745003701,8.02066430932,64694.9,794.966666667,65376.1333333
52.4939930556,724.928571429,8.17332593415,7.54005550416,7.84682242215,64695.5714286,793.714285714,65377.5714286
52.5176273148,724.4,7.79531008948,7.25623149062,7.43662654339,64695.1,793.9,65379.2
52.5384606481,723.6,7.33682847098,7.0200567761,7.18847807438,64692.7,795.7,65377.8
52.5592939815,723.8,7.95013269148,7.29940156703,7.50628745987,64694.2,794.5,65375.3
52.5801273148,724.6,8.93681352585,8.18202011477,8.61936056767,64694.9,794.2,65375.6
52.6009606481,730.0,9.50542272615,8.94734570565,9.16563008147,64693.5,792.9,65374.4
52.6217939815,737.1,9.4730745533,9.22342719823,9.35427785335,64693.8,793.8,65371.0
52.6426273148,737.8,9.53073417098,9.28421830726,9.39736893376,64694.6,794.7,65370.9
52.6634606481,738.25,9.7307502772,9.20023411989,9.46656514841,64694.375,793.0,65374.375
52.6843402778,738.9,9.75971905613,9.3846248614,9.61826423194,64694.9,793.0,65372.1
52.7051736111,740.4,9.93260226713,9.24704433498,9.66456231673,64692.5,792.6,65373.7
52.7260069444,741.1,9.99772069242,9.36138491868,9.73023907066,64692.0,793.3,65372.9
52.7468402778,742.8,10.3662847992,9.77942082563,10.0981582452,64692.7,792.1,65373.9
52.7676736111,742.4,10.4502001848,10.1078401182,10.2763441571,64693.7,792.4,65373.4
52.7885069444,742.5,10.7968470965,10.4974131559,10.6595488276,64694.5,792.5,65372.3
52.8093402778,743.1,10.9591748768,10.6432222701,10.8216790911,64695.9,791.0,65371.2
52.8301736111,743.75,11.1329106131,10.8581547179,10.9846312645,64695.375,791.375,65372.625
52.8510416667,744.0,11.3350985222,10.9020815371,11.1070658939,64693.8,792.2,65372.7
52.871875,745.0,11.6496152662,10.9812157418,11.4238316462,64694.4,791.6,65373.4
52.8927083333,744.6,11.8775158491,11.342301299,11.6407459271,64692.4,793.3,65371.2
52.9135416667,745.2,12.0321468161,11.7057737289,11.8904267425,64691.5,792.9,65371.6
52.934375,744.6,11.927449652,11.2011579207,11.5236626732,64691.8,791.2,65369.3
52.9552083333,745.7,11.2149147115,10.7656836791,10.9939606152,64693.5,791.0,65369.7
52.9760416667,745.4,10.9105405738,10.378032262,10.6312647848,64693.4,790.6,65369.5
52.996875,744.875,10.5808099458,10.0468567206,10.3606680784,64693.375,789.25,65370.125
53.0177314815,744.8,10.2153722978,9.65449732192,9.89989706262,64692.2,791.3,65369.7
53.0385648148,744.9,9.60592255125,9.09219028863,9.33270277921,64691.7,792.6,65369.0
53.0593981481,744.2,9.09206231911,8.80462883171,8.99302872923,64692.1,789.9,65367.3
53.0802314815,744.9,8.84421182266,8.63154329351,8.73445342289,64692.8,790.4,65368.7
53.1010648148,743.4,9.18600640552,8.74762960227,8.94101506272,64691.4,790.5,65366.5
53.1218981481,741.6,10.0964782662,9.16040871599,9.62675877172,64691.8,792.1,65366.7
53.1427314815,743.0,11.9891632289,10.4550772831,11.4825459588,64692.2,789.4,65367.1
53.1635648148,742.125,12.1490763547,11.6728661165,11.9779197323,64691.75,789.125,65365.375
53.1844444444,740.4,11.997536339,11.5294226385,11.8750706059,64692.3,787.9,65365.7
53.2052777778,740.5,11.4780412689,10.5290966192,10.7957499899,64693.0,787.3,65364.9
53.2261111111,738.9,10.4447867883,10.1477398694,10.2853220963,64690.4,788.7,65367.3
53.2469444444,738.3,10.1376932077,9.67186056538,9.91926424992,64692.0,786.6,65365.7
53.2677777778,738.0,9.77284209229,9.2353194898,9.51209720029,64692.2,788.1,65364.3
53.2886111111,737.6,9.64563435825,9.21697066798,9.47964090702,64691.8,787.5,65362.2
53.3094444444,736.9,9.39038817006,8.15125739645,8.545534019,64692.0,787.1,65365.5
53.3302777778,737.25,8.43144987368,8.17375493097,8.29707499899,64690.125,788.5,65362.5
53.3511342593,734.0,8.33969935929,8.16428307237,8.26883732227,64692.4,785.1,65364.2
53.3719675926,732.9,8.38029210575,8.06682695272,8.19014503155,64691.4,788.0,65361.5
53.3928009259,731.7,8.36358595194,7.67373482093,8.06823392641,64692.8,786.7,65361.8
53.4136342593,732.4,7.28422545634,6.19249028917,6.6557535254,64691.3,785.6,65361.0
53.4344675926,729.8,5.94573930201,5.34085723096,5.62112393,64691.5,788.3,65359.5
53.4553009259,729.7,5.4957164869,5.22156427338,5.35688882503,64689.3,788.4,65356.8
53.4761342593,729.2,6.03533329222,5.4907812789,5.78500618301,64689.6,785.8,65358.0
53.4969675926,727.75,6.69227923039,6.16299722479,6.40806516924,64691.25,786.25,65357.625
53.5178240741,727.6,12.3278668311,7.79551199063,11.0338943797,64689.2,784.2,65354.7
53.5386574074,729.7,8.91657417684,8.00777202073,8.41117643257,64691.6,782.8,65351.2
53.5594907407,728.0,9.52086029457,8.14301572618,9.05928660061,64694.9,781.7,65351.1
53.5803240741,728.2,9.75396091486,9.34812623274,9.52500432055,64692.8,782.3,65350.2
53.6011574074,729.7,10.5504558896,9.64744696596,10.1372323745,64691.2,782.0,65349.2
53.6219907407,730.5,10.5778024281,10.1537797509,10.3455486782,64691.5,780.7,65347.2
53.6428240741,732.2,10.0687742651,8.78333744146,9.20060736687,64691.6,778.7,65346.8
53.6636574074,733.0,8.56053507582,7.28124229726,8.08836249267,64691.0,778.0,65344.625
53.684537037,734.1,6.33914812304,5.77993467677,6.03766261045,64689.8,777.1,65346.2
53.7053703704,734.4,5.80770416025,5.33810022807,5.55027442133,64690.4,778.3,65344.7
53.7262037037,735.5,5.56328567907,5.31460604941,5.40618864098,64690.6,777.6,65346.4
53.747037037,735.1,5.50656151808,5.29531731362,5.3986909865,64692.4,775.9,65342.3
53.7678703704,735.7,5.5528034504,5.34618939067,5.43052947025,64691.3,777.5,65341.0
53.7887037037,736.9,6.37845831536,5.44897078762,5.87520947124,64689.1,777.4,65342.9
53.809537037,737.6,7.38476706926,6.54387478432,7.00454756111,64689.8,776.1,65344.0
53.8303703704,737.75,7.65629620503,7.2990331917,7.49352236838,64690.5,775.5,65342.5
53.8512268519,737.8,8.6620438856,7.81327749723,8.26973301611,64690.5,776.1,65342.0
53.8720601852,739.0,8.73005605865,8.33705164551,8.53764704183,64688.9,777.4,65340.5
53.8928935185,737.9,9.29752881001,8.45325779037,8.92577535,64690.0,775.1,65342.2
53.9137268519,738.0,9.77592261721,9.09712983493,9.3594878984,64689.3,776.0,65340.1
53.9345601852,737.8,10.3487068966,9.72928483354,10.067898881,64691.2,775.9,65338.3
53.9553935185,737.9,10.5185116738,10.1293682589,10.3529818612,64689.9,773.9,65340.6
53.9762268519,737.8,10.6540973506,10.4006161429,10.5177385237,64689.1,775.6,65339.2
53.9970601852,737.75,10.8303862978,10.4747213498,10.616063975,64691.125,774.5,65340.0
54.0179282407,737.6,10.9363905325,10.6378588148,10.7960727195,64689.7,775.3,65340.6
54.0387615741,735.7,10.8694473538,10.5798521257,10.7396430004,64689.6,774.2,65338.1
54.0595949074,735.3,10.9252434365,10.5201848998,10.7241520597,64689.7,774.8,65338.7
54.0804282407,734.5,11.1320847708,10.8894503328,10.9876900047,64690.0,775.5,65339.7
54.1012615741,734.2,10.9222283848,10.4717736965,10.7907961627,64689.8,775.5,65337.4
54.1220949074,733.9,10.9124537608,10.5799987669,10.7228455254,64690.2,774.5,65338.9
54.1429282407,733.5,10.9489676425,10.6746780058,10.8037890135,64691.3,773.9,65338.0
54.1637615741,731.25,10.8089603747,10.5846940662,10.6804467895,64690.25,774.875,65337.0
54.1846296296,730.7,10.7378898065,10.4970421494,10.6386450036,64690.2,774.7,65338.0
54.205462963,729.7,10.7163894023,10.4602959309,10.5809876383,64690.3,774.3,65336.9
54.2262962963,727.8,10.7103495038,10.3840083842,10.5458344791,64691.6,774.3,65337.7
54.2471296296,726.2,10.5433925049,10.2793292645,10.4043274339,64690.3,773.8,65337.5
54.267962963,724.4,10.5080764488,10.0742156198,10.3451018531,64690.1,774.2,65337.6
54.2887962963,723.7,11.0950795413,10.1036013814,10.5500463613,64689.1,774.4,65338.9
54.3096296296,723.9,10.7012330456,9.59168568433,9.93411173272,64689.1,773.5,65337.8
54.330462963,723.0,9.76418352245,9.57793128971,9.67146888463,64690.125,771.875,65338.375
54.3513425926,721.7,10.0709132392,9.82892220371,9.90970980481,64691.2,771.1,65336.9
54.3721759259,718.7,10.122193437,9.59443450361,9.88177877059,64690.9,772.8,65338.2
54.3930092593,718.4,10.0177040281,9.60080197409,9.8412399616,64690.2,773.7,65338.2
54.4138425926,717.1,9.73436150524,9.28448063163,9.57382870457,64689.7,773.7,65337.0
54.4346759259,715.9,9.70630708467,9.36439370565,9.51796412645,64689.6,775.7,65335.6
54.4555092593,714.1,9.43811346379,9.24348845822,9.34020893121,64689.9,773.6,65336.3
54.4763425926,713.7,9.70454264906,9.1163364809,9.40641520951,64689.2,774.2,65334.7
54.4971759259,714.125,9.69864789776,9.38394124545,9.53012643416,64692.375,771.625,65337.125
54.5180324074,712.5,9.56369249768,9.23689895685,9.39453604791,64690.0,774.3,65338.6
54.5388657407,712.4,9.97030864198,9.57982466971,9.70318168524,64689.4,771.5,65334.7
54.5596990741,712.8,10.5813063341,9.82937365011,10.1927227177,64689.0,774.1,65335.9
54.5805324074,712.9,10.8020859047,10.4351343007,10.5931219356,64688.7,772.7,65333.1
54.6013657407,711.9,11.483486635,10.6741184462,11.031102008,64690.3,771.7,65334.9
54.6221990741,716.0,12.3040123457,11.5303376335,11.8617579363,64689.6,771.8,65334.5
54.6430324074,717.0,12.4850354829,12.0659299957,12.2217373312,64689.3,770.7,65333.6
54.6638657407,718.625,12.2274129844,11.6417330124,11.9630035131,64689.625,771.25,65334.5
54.6847222222,721.8,11.930977054,11.4490223894,11.6169337614,64688.7,773.1,65331.9
54.7055555556,723.8,11.7917591907,11.5093443533,11.677316199,64689.5,772.0,65333.4
54.7263888889,724.4,11.8960157888,10.4496023673,11.3642262462,64688.3,771.4,65332.7
54.7472222222,726.4,10.6071516646,10.0324787378,10.2913578511,64688.5,771.3,65332.3
54.7680555556,731.0,10.0731932721,9.23594260023,9.62125412794,64688.0,770.8,65333.2
54.7888888889,733.8,9.13838763318,8.54262658618,8.90356340221,64688.6,771.9,65331.4
54.8097222222,736.6,8.68560512694,7.87189751801,8.19144479625,64689.2,769.4,65330.9
54.8305555556,738.0,7.99599729047,7.48327893084,7.78009405023,64688.75,769.75,65330.375
54.8514236111,739.4,7.7369198572,7.41693851173,7.58829213315,64689.2,769.7,65330.9
54.8722569444,740.2,7.54351304776,7.26097395801,7.36017618862,64688.8,769.4,65332.5
54.8930902778,744.4,7.36755027985,6.96831159242,7.15881676666,64689.5,770.7,65331.5
54.9139236111,745.3,7.11563327381,6.72127816771,6.92706710934,64688.8,769.1,65330.6
54.9347569444,746.1,6.96879231811,6.65234783679,6.80964166604,64688.9,767.6,65331.2
54.9555902778,746.7,6.93417814961,6.27015880832,6.60189394179,64689.2,766.9,65330.1
54.9764236111,747.3,6.63470769231,6.41421975993,6.52587709817,64691.1,766.6,65329.7
54.9972569444,745.5,6.66896466823,6.47122191444,6.55963520001,64691.0,769.5,65326.125
55.018125,748.2,6.70060911832,6.42418461538,6.5856130436,64690.4,768.4,65329.9
55.0389583333,746.8,6.80361979808,6.56360391409,6.68375005771,64689.4,769.1,65327.1
55.0597916667,746.4,6.87328450982,6.4757156048,6.68572963815,64689.6,768.8,65329.9
55.080625,744.6,7.03343184337,6.68068209801,6.78671522263,64691.5,766.9,65328.5
55.1014583333,741.8,7.00295511913,6.68008618036,6.86181830896,64689.4,767.9,65329.1
55.1222916667,741.0,6.93421619957,6.5550286383,6.73608970259,64689.7,767.2,65329.9
55.143125,739.3,6.93271361734,6.58742378518,6.79598072668,64690.9,766.6,65328.5
55.1639583333,738.25,6.85951736026,6.55444752231,6.75578045906,64692.125,767.625,65327.25
55.184837963,737.8,6.84725728006,6.60731437015,6.75655246204,64689.9,768.6,65328.3
55.2056712963,737.2,6.96428351499,6.68233047977,6.78812171854,64689.4,768.1,65331.0
55.2265046296,734.1,6.97493533686,6.75898194367,6.88249191413,64688.9,768.0,65328.4
55.247337963,733.7,7.07375685501,6.60534416944,6.81842293653,64691.2,767.5,65329.9
55.2681712963,729.7,6.99944530046,6.63743915214,6.825860358,64691.4,767.4,65327.7
55.2890046296,728.3,6.88431432974,6.56039689387,6.7376847003,64690.6,767.9,65329.4
55.309837963,724.8,6.95409169337,6.45962273456,6.64413190436,64689.7,768.3,65327.8
55.3306712963,724.25,6.85520640789,6.43333538803,6.68656410229,64690.375,768.5,65327.875
55.3515277778,723.7,6.7603331277,6.38909786027,6.55244461731,64689.8,769.6,65326.5
55.3723611111,720.6,6.58216136195,6.25644504749,6.44533006544,64688.1,769.6,65328.7
55.3931944444,719.0,6.76522114614,6.43755399235,6.56613050003,64689.7,768.7,65330.6
55.4140277778,716.2,6.73747532083,6.37545505029,6.55535272232,64690.5,767.9,65327.7
55.4348611111,713.9,6.61187581014,6.26447709594,6.42399133487,64690.0,769.2,65327.3
55.4556944444,712.5,6.43574074074,6.0700617284,6.23645439246,64690.6,769.6,65329.8
55.4765277778,710.6,6.26135241856,5.83123379029,6.08312393167,64691.0,768.9,65327.7
55.4973611111,710.125,6.3254306353,6.01722753936,6.13659816221,64688.125,770.5,65324.375
55.5182291667,708.9,6.58908170197,6.0712962963,6.24370623237,64689.4,770.5,65328.8
55.5390625,706.8,6.67113223855,6.32756916996,6.53824788631,64688.5,770.3,65326.9
55.5598958333,708.2,6.83903432946,6.5005866008,6.65768373327,64689.0,769.3,65327.3
55.5807291667,709.0,7.11098765432,6.64805780275,6.91147298165,64689.2,770.8,65326.0
55.6015625,711.1,8.70098129976,6.92760153068,7.75744751407,64688.4,769.6,65327.4
55.6223958333,711.3,8.7411866395,8.3877815489,8.58181416345,64689.1,770.0,65326.4
55.6432291667,713.3,9.04573791741,8.7038202802,8.89648670639,64689.1,769.3,65326.7
55.6640625,714.875,9.622810264,8.64622030238,9.30976328671,64688.25,770.625,65324.625
55.6849189815,718.4,9.22379218856,8.79839555693,9.00673817046,64690.1,767.6,65325.2
55.7057523148,720.7,10.0032699901,8.54526393685,9.32268273857,64689.0,770.2,65324.7
55.7265856481,726.8,8.89980268837,7.7137748181,8.1284633397,64689.8,770.4,65324.9
55.7474189815,736.4,8.90729333498,8.06548792509,8.55462504567,64691.3,769.1,65322.0
55.7682523148,745.1,9.76163506525,8.58743152582,9.35493823868,64689.5,770.3,65322.4
55.7890856481,753.0,10.7675562661,9.86265460587,10.4403052957,64689.7,769.7,65323.0
55.8099189815,760.2,10.9624938515,9.6216631812,10.575571004,64689.7,767.8,65322.7
55.8307523148,761.5,12.1759390176,9.82519375077,10.7681179279,64691.5,765.0,65321.875
55.8516203704,765.1,10.3451327434,9.60910710994,9.91811938133,64690.5,769.2,65319.9
55.8724537037,767.3,10.8441071648,10.5846843527,10.7173148661,64691.8,766.2,65321.0
55.893287037,770.1,10.8325449966,9.66412729618,10.2589168219,64693.4,766.4,65321.5
55.9141203704,767.7,10.9338370807,10.322418136,10.6119936752,64692.0,766.9,65321.7
55.9349537037,768.7,10.8235547091,9.91540210112,10.4713400789,64692.6,764.4,65321.7
55.955787037,768.3,10.4471874232,10.0959636297,10.2560680582,64691.7,765.1,65320.0
55.9766203704,766.9,10.4507249939,10.2036149023,10.3233327502,64691.6,766.0,65319.5
55.9974537037,766.125,10.6067125645,10.3449102533,10.4701130038,64691.25,765.5,65322.125
56.0183217593,765.7,10.6590434034,10.3496619545,10.4821394643,64693.4,765.8,65321.0
56.0391550926,763.9,10.5781096362,10.117769992,10.3961714002,64693.2,764.6,65320.0
56.0599884259,763.1,10.5333292338,10.2751075599,10.4080468821,64692.3,766.6,65320.5
56.0808217593,760.1,10.8695358131,10.2913976511,10.6031237211,64692.1,765.6,65321.2
56.1016550926,758.1,10.9612145799,10.5292597379,10.6714288898,64691.7,767.2,65322.8
56.1224884259,754.1,11.0924855491,10.6880191988,10.9027311343,64692.1,766.9,65320.2
56.1433217593,752.8,11.0368615385,10.7224750892,10.8671254915,64690.2,769.2,65320.9
56.1641550926,751.75,10.8317434919,10.2477233571,10.4673052562,64692.625,766.125,65321.25
56.1850231481,749.7,10.5749276879,10.3407161314,10.4941831097,64691.8,767.5,65322.1
56.2058564815,746.8,10.647891659,10.2129230769,10.4585624875,64693.0,766.6,65323.8
56.2266898148,743.6,10.4245968238,8.89710591133,9.92066991167,64691.9,765.6,65321.0
56.2475231481,742.2,9.93419513697,9.58494398621,9.77645885255,64692.2,765.8,65320.1
56.2683564815,741.0,10.0901644392,9.65748952944,9.83896872678,64693.3,766.9,65321.7
56.2891898148,738.1,9.88554365226,9.38961438955,9.63496812701,64691.8,769.3,65322.1
56.3100231481,738.0,9.52272727273,8.56503789513,8.98630252387,64692.7,770.3,65320.4
56.3308564815,736.125,8.60489036709,8.17214175655,8.44289669089,64695.875,767.125,65321.125
56.351712963,734.6,8.67171903882,8.21616460297,8.45836490542,64692.4,770.4,65320.4
56.3725462963,734.1,8.81149864432,8.12392925371,8.42282179133,64696.4,768.9,65319.2
56.3933796296,731.8,8.41056459566,8.13514180025,8.25289079331,64692.0,769.4,65322.3
56.414212963,729.3,8.3498736362,8.06411441958,8.1753538277,64691.9,771.5,65322.0
56.4350462963,728.7,8.2774352651,8.01355765083,8.11800301071,64695.0,766.9,65320.9
56.4558796296,726.4,9.14308612293,8.65567200986,8.96551096071,64692.6,770.9,65320.1
56.476712963,724.6,9.05867850099,8.64781697089,8.81496371801,64692.9,769.4,65319.9
56.4975462963,725.25,8.73506381405,8.35426810478,8.52304510631,64692.5,769.375,65320.75
56.5184143519,724.6,12.0837906159,10.5240150441,11.0197578206,64694.0,769.9,65321.0
56.5392476852,724.7,10.184054754,7.28778442375,8.87623167628,64695.9,768.7,65322.6
56.5600810185,724.8,7.67486591456,7.31057662658,7.49799506173,64694.7,769.0,65320.9
56.5809143519,725.8,7.758648332,7.41871647864,7.57194468484,64694.7,769.9,65319.8
56.6017476852,726.8,7.65581653412,7.40057956717,7.53919443529,64695.4,769.6,65320.5
56.6225810185,726.9,7.59552294031,7.39050847458,7.47552618543,64694.1,769.3,65321.0
56.6434143519,728.6,7.97997041785,7.42903802305,7.62710010126,64695.9,767.9,65317.9
56.6642476852,730.125,8.12218728808,7.71298293179,7.94893426105,64696.625,767.625,65320.125
56.6851157407,731.1,7.96080606397,7.49309834853,7.66701355176,64695.6,768.3,65318.4
56.7059490741,734.5,8.57328568788,7.65779256794,8.29146412729,64693.7,769.5,65319.4
56.7267824074,735.5,9.82052861808,8.42372359426,8.91459294829,64694.6,769.8,65318.6
56.7476157407,737.2,10.0323494978,9.4078752773,9.68833993532,64693.4,769.6,65319.2
56.7684490741,737.4,10.5509764061,10.1056424787,10.342744525,64694.0,769.6,65317.0
56.7892824074,738.4,11.1639576407,10.3660879202,10.5563393638,64694.1,770.0,65315.7
56.8101157407,739.1,12.2905530238,11.879317776,12.1347676262,64692.7,769.8,65314.8
56.8309490741,738.25,12.4072022161,12.1835867758,12.2897558374,64693.125,767.0,65317.5
56.8518171296,739.9,12.9619956883,12.2496149818,12.5729021059,64693.9,766.4,65314.9
56.872650463,739.8,12.9001478379,12.6429099421,12.749064508,64693.4,766.4,65316.0
56.8934837963,738.9,12.9706824341,12.6522730073,12.8349613135,64692.2,767.9,65316.0
56.9143171296,739.0,12.556773399,11.9034185402,12.2154958161,64692.8,764.6,65315.2
56.935150463,738.2,12.0663629648,11.8124229726,11.9395172355,64691.3,765.2,65316.6
56.9559837963,738.3,11.9421584329,11.6090998645,11.8395007988,64692.2,766.3,65318.7
56.9768171296,736.2,11.8720142822,11.5635624538,11.6910525141,64693.0,764.6,65317.9
56.997650463,734.25,11.6234830284,11.3784948885,11.4838549905,64691.375,766.0,65318.625
57.0185300926,732.0,11.1815157116,9.92473184564,10.4603728342,64692.5,766.1,65316.0
57.0393634259,728.9,10.2829665249,9.83728813559,10.0906787335,64690.6,765.2,65320.2
57.0601967593,725.2,10.3684794673,9.97379939584,10.1296364807,64692.7,763.4,65318.5
57.0810300926,724.2,10.9019100431,10.064919852,10.4742308291,64691.6,765.1,65318.6
57.1018634259,724.0,10.3126541687,10.0199851962,10.1485837953,64692.8,764.9,65317.3
57.1226967593,723.1,10.2757323466,9.98291178285,10.1540251553,64691.6,767.2,65317.7
57.1435300926,720.5,10.1530870289,9.88995126766,10.0221101384,64692.7,765.2,65317.0
57.1643634259,717.875,10.4261384672,9.98717474411,10.3043136342,64690.125,766.125,65316.375
57.1852199074,715.7,10.3980139394,10.0667406859,10.2451807175,64692.1,765.4,65319.1
57.2060532407,715.6,10.5759388296,10.2536862237,10.4397642771,64691.8,765.8,65316.2
57.2268865741,713.1,10.6268288166,9.90998827812,10.3482073943,64691.6,765.3,65316.7
57.2477199074,711.9,10.4020739461,10.0977912142,10.2490444812,64691.7,767.1,65317.7
57.2685532407,711.8,10.2676378001,10.027155465,10.1487907305,64690.1,766.4,65318.4
57.2893865741,709.7,10.4830586928,10.1050293119,10.3328733419,64692.3,764.2,65316.3
57.3102199074,707.7,10.4021973952,10.0509908019,10.1932963569,64692.2,765.6,65316.6
57.3310532407,706.25,10.3300419649,9.95561180393,10.1747117028,64692.125,765.375,65316.625
57.3519212963,705.7,10.4898450522,10.1610054348,10.2954662894,64692.0,765.4,65318.4
57.3727546296,704.5,10.3952813291,10.1519792503,10.2893093772,64691.3,765.6,65319.1
57.393587963,704.6,10.5227539364,10.0796345453,10.2839231342,64691.0,765.6,65317.3
57.4144212963,702.5,9.89933341563,9.44594678027,9.69715853881,64691.5,764.7,65318.2
57.4352546296,699.8,9.50876651438,9.28238997593,9.37478202294,64691.4,765.4,65317.8
57.456087963,699.1,9.21494288361,8.92773316862,9.07045616168,64690.6,765.4,65319.6
57.4769212963,698.7,9.11023962451,8.50071009571,8.88394318733,64691.3,765.6,65317.4
57.4977546296,698.125,8.68340436045,8.36838530411,8.55284746862,64692.0,764.375,65318.5
57.5186111111,698.9,8.54825157544,8.15532900834,8.40289083086,64690.7,764.4,65317.1
57.5394444444,698.6,8.52604585058,8.2631091347,8.37590602489,64690.6,766.0,65316.7
57.5602777778,697.9,8.52130681818,8.25498672266,8.34042936079,64690.0,765.7,65319.9
57.5811111111,698.8,8.44041738701,8.31688488142,8.37243612336,64689.1,764.7,65319.0
57.6019444444,699.0,8.79198567548,8.47854276011,8.61679215723,64691.4,763.3,65318.2
57.6227777778,700.2,9.04093097913,8.61718026308,8.86247437741,64690.7,763.6,65319.1
57.6436111111,704.0,9.16928015804,8.96417099086,9.06312375629,64689.7,763.9,65316.9
57.6644444444,706.5,9.51984200457,9.03624351692,9.22011118691,64690.125,766.25,65315.875
57.6853125,708.7,9.63117941122,9.3454725017,9.49945287039,64689.1,765.1,65317.9
57.7061458333,713.2,9.95068814417,9.57767769003,9.77298854046,64690.8,763.7,65318.4
57.7269791667,715.8,10.2411793733,9.8625346901,10.0341994855,64690.5,765.3,65320.0
57.7478125,719.7,10.3941056785,10.0565118144,10.2423233726,64690.9,763.0,65319.2
57.7686458333,722.8,10.5753129046,10.1799346365,10.3644815606,64690.2,764.2,65318.7
57.7894791667,725.0,10.6246918146,10.3948357675,10.4963944725,64689.2,765.0,65315.6
57.8103125,727.4,10.9029335634,10.5719127434,10.7382491623,64689.4,764.3,65314.7
57.8311458333,731.25,10.8978623791,10.6044003451,10.7385847949,64690.5,762.5,65316.25
57.8520138889,735.4,10.9573891626,10.3474189972,10.6393518001,64690.0,764.3,65315.6
57.8728472222,737.6,11.2087026096,10.6821485771,10.9471315338,64689.5,761.8,65316.7
57.8936805556,738.9,11.1268472906,10.6896933875,10.9391098464,64690.5,764.4,65314.5
57.9145138889,738.9,11.4209133432,10.8501939536,11.1265225247,64690.2,761.0,65316.7
57.9353472222,741.7,11.5921093125,11.0767809864,11.3443336668,64689.6,763.1,65318.2
57.9561805556,741.1,11.5412640778,11.256094558,11.3942645079,64688.9,761.4,65317.0
57.9770138889,743.8,11.618007262,11.2868660758,11.4643159994,64690.5,761.6,65316.2
