report_id,"report_filename_id",nest_id,param_id,days_active,report_number,"report_starttime","secs_per_rec","num_records","report_datetime"
1,"2014-08-12_AA0028_r-061-04",1,0,61,4,"2014-10-11 09:32:06","60","240","2014-10-11 13:32:09"
2,"2014-08-12_AA0028_r-049-03",1,0,49,3,"2014-09-29 05:28:45","60","240","2014-09-29 09:28:46"
3,"2014-08-12_AA0028_r-060-02",1,0,60,2,"2014-10-10 01:31:42","60","240","2014-10-10 05:31:47"
4,"2014-08-06_AA0017_r-074-05",2,0,74,5,"2014-10-18 14:51:49","60","240","2014-10-18 18:51:52"
5,"2014-08-06_AA0017_r-063-04",2,0,63,4,"2014-10-07 10:49:03","60","240","2014-10-07 14:49:07"
6,"2014-08-12_AA0028_r-049-01",1,0,49,1,"2014-09-28 21:28:40","60","240","2014-09-29 01:28:41"
7,"2014-07-13_AA0009_r-051-06",3,0,51,6,"2014-09-01 17:35:08","60","240","2014-09-01 21:35:12"
8,"2014-07-28_AA0014_r-082-01",4,0,82,1,"2014-10-16 23:56:02","60","240","2014-10-17 03:56:05"
9,"2014-08-27_AA0027_r-069-06",5,0,69,6,"2014-11-03 17:40:31","60","240","2014-11-03 21:40:34"
10,"2014-07-13_AA0008_r-043-03",6,0,43,3,"2014-08-24 05:52:07","60","240","2014-08-24 09:52:10"
11,"2014-07-13_AA0008_r-080-01",6,0,80,1,"2014-09-29 20:26:07","60","240","2014-09-30 00:26:10"
12,"2014-07-13_AA0008_r-035-01",6,0,35,1,"2014-08-15 08:18:23","360","240","2014-08-16 08:18:53"
13,"2014-07-20_AA0011_r-041-04",7,0,41,4,"2014-08-29 16:48:44","60","240","2014-08-29 20:48:47"
14,"2014-07-13_AA0009_r-059-02",3,0,59,2,"2014-09-09 02:59:40","60","240","2014-09-09 06:59:44"
15,"2014-07-13_AA0008_r-064-01",6,0,64,1,"2014-09-13 20:16:04","60","240","2014-09-14 00:16:07"
16,"2014-07-13_AA0008_r-044-01",6,0,44,1,"2014-08-24 21:52:19","60","240","2014-08-25 01:52:21"
17,"2014-08-27_AA0027_r-042-06",5,0,42,6,"2014-10-07 17:45:00","60","240","2014-10-07 21:49:18"
18,"2014-08-06_AA0017_r-055-06",2,0,55,6,"2014-09-29 18:47:11","60","240","2014-09-29 22:47:13"
19,"2014-06-20_AA0013_r-067-06",8,0,67,6,"2014-08-25 18:36:52","60","240","2014-08-25 22:36:55"
20,"2014-07-23_AA0012_r-056-01",9,0,56,1,"2014-09-15 23:55:29","60","240","2014-09-16 03:55:32"
21,"2014-08-10_AA0025_r-058-02",10,0,58,2,"2014-10-06 00:45:51","60","240","2014-10-06 04:45:54"
22,"2014-08-21_AA0026_r-054-02",11,0,54,2,"2014-10-13 03:55:17","60","240","2014-10-13 07:55:19"
23,"2014-08-12_AA0028_r-067-06",1,0,67,6,"2014-10-17 17:33:48","60","240","2014-10-17 21:33:51"
24,"2014-07-23_AA0012_r-046-06",9,0,46,6,"2014-09-06 19:52:38","60","240","2014-09-06 23:52:41"
25,"2014-06-20_AA0013_r-071-01",8,0,71,1,"2014-08-28 22:37:41","60","240","2014-08-29 02:37:44"
26,"2014-07-28_AA0014_r-067-01",4,0,67,1,"2014-10-01 23:38:48","60","240","2014-10-02 03:38:51"
27,"2014-07-28_AA0014_r-061-02",4,0,61,2,"2014-09-26 03:37:10","60","240","2014-09-26 07:37:13"
28,"2014-08-21_AA0026_r-051-06",11,0,51,6,"2014-10-10 19:54:41","60","240","2014-10-10 23:54:43"
29,"2014-07-20_AA0011_r-043-04",7,0,43,4,"2014-08-31 08:49:10","60","240","2014-08-31 12:49:13"
30,"2014-09-24_AA0012_r-043-01",12,0,43,1,"2014-11-04 22:08:37","60","240","2014-11-05 02:08:40"
31,"2014-07-22_AA0024_r-066-05",13,0,66,5,"2014-09-25 15:14:44","60","240","2014-09-25 19:14:47"
32,"2014-06-20_AA0013_r-072-05",8,0,72,5,"2014-08-30 14:38:07","60","240","2014-08-30 18:38:10"
33,"2014-06-20_AA0013_r-074-02",8,0,74,2,"2014-09-01 02:38:30","60","240","2014-09-01 06:38:33"
34,"2014-08-06_AA0017_r-068-04",2,0,68,4,"2014-10-12 10:50:18","60","240","2014-10-12 14:50:21"
35,"2014-06-20_AA0013_r-095-02",8,0,95,2,"2014-09-22 00:29:57","60","240","2014-09-22 04:30:01"
36,"2014-07-23_AA0012_r-051-04",9,0,51,4,"2014-09-11 11:54:05","60","240","2014-09-11 15:54:07"
37,"2014-06-20_AA0013_r-088-03",8,0,88,3,"2014-09-15 04:28:12","60","240","2014-09-15 08:28:14"
38,"2014-07-13_AA0008_r-062-05",6,0,62,5,"2014-09-12 12:15:44","60","240","2014-09-12 16:15:47"
39,"2014-07-22_AA0024_r-065-03",13,0,65,3,"2014-09-24 07:14:22","60","240","2014-09-24 11:14:28"
40,"2014-06-20_AA0013_r-085-02",8,0,85,2,"2014-09-12 00:27:23","60","240","2014-09-12 04:27:26"
41,"2014-09-24_AA0012_r-053-01",12,0,53,1,"2014-11-14 22:11:08","60","240","2014-11-15 02:11:11"
42,"2014-07-23_AA0012_r-044-02",9,0,44,2,"2014-09-04 03:51:47","60","240","2014-09-04 07:51:50"
43,"2014-08-12_AA0028_r-072-04",1,0,72,4,"2014-10-22 09:42:39","60","240","2014-10-22 13:42:44"
44,"2014-07-22_AA0024_r-058-03",13,0,58,3,"2014-09-17 07:12:42","60","240","2014-09-17 11:12:42"
45,"2014-08-06_AA0017_r-077-06",2,0,77,6,"2014-10-21 19:02:04","60","240","2014-10-21 23:02:08"
46,"2014-08-12_AA0028_r-063-06",1,0,63,6,"2014-10-13 17:32:45","60","240","2014-10-13 21:32:47"
47,"2014-07-23_AA0012_r-051-02",9,0,51,2,"2014-09-11 03:54:00","60","240","2014-09-11 07:54:01"
48,"2014-08-21_AA0026_r-054-01",11,0,54,1,"2014-10-12 23:55:14","60","240","2014-10-13 03:55:17"
49,"2014-07-13_AA0008_r-070-05",6,0,70,5,"2014-09-20 12:23:39","60","240","2014-09-20 16:23:42"
50,"2014-07-13_AA0008_r-060-03",6,0,60,3,"2014-09-10 04:09:16","60","240","2014-09-10 08:09:19"
51,"2014-09-24_AA0012_r-042-03",12,0,42,3,"2014-11-04 06:08:27","60","240","2014-11-04 10:08:30"
52,"2014-06-20_AA0013_r-084-04",8,0,84,4,"2014-09-11 08:27:12","60","240","2014-09-11 12:27:15"
53,"2014-07-13_AA0009_r-064-04",3,0,64,4,"2014-09-14 11:01:10","60","240","2014-09-14 15:05:27"
54,"2014-06-20_AA0013_r-092-05",8,0,92,5,"2014-09-19 12:29:19","60","240","2014-09-19 16:29:21"
55,"2014-07-16_AA0010_r-035-01",14,0,35,1,"2014-08-18 11:00:53","360","0","2014-08-19 08:21:58"
56,"2014-07-28_AA0014_r-072-03",4,0,72,3,"2014-10-07 07:40:18","60","240","2014-10-07 11:40:21"
57,"2014-07-13_AA0008_r-045-01",6,0,45,1,"2014-08-25 21:07:12","60","240","2014-08-26 01:07:14"
58,"2014-07-13_AA0008_r-067-03",6,0,67,3,"2014-09-17 04:22:48","60","240","2014-09-17 08:22:50"
59,"2014-09-24_AA0012_r-044-03",12,0,44,3,"2014-11-06 06:08:58","60","240","2014-11-06 10:09:00"
60,"2014-07-20_AA0011_r-045-06",7,0,45,6,"2014-09-02 16:49:45","60","240","2014-09-02 20:54:02"
61,"2014-06-20_AA0013_r-070-02",8,0,70,2,"2014-08-28 02:37:28","60","240","2014-08-28 06:37:30"
62,"2014-08-21_AA0026_r-045-05",11,0,45,5,"2014-10-04 15:53:03","60","240","2014-10-04 19:53:06"
63,"2014-08-27_AA0027_r-068-05",5,0,68,5,"2014-11-02 13:40:09","60","240","2014-11-02 17:40:10"
64,"2014-06-20_AA0013_r-082-05",8,0,82,5,"2014-09-09 12:26:44","60","240","2014-09-09 16:26:46"
65,"2014-07-13_AA0008_r-048-01",6,0,48,1,"2014-08-28 22:21:33","60","240","2014-08-29 02:21:36"
66,"2014-07-13_AA0008_r-042-04",6,0,42,4,"2014-08-23 09:51:55","60","240","2014-08-23 13:51:57"
67,"2014-08-06_AA0017_r-053-02",2,0,53,2,"2014-09-27 02:46:31","60","240","2014-09-27 06:46:34"
68,"2014-08-12_AA0028_r-058-04",1,0,58,4,"2014-10-08 09:31:14","60","240","2014-10-08 13:31:17"
69,"2014-07-28_AA0014_r-071-02",4,0,71,2,"2014-10-06 03:39:59","60","240","2014-10-06 07:40:01"
70,"2014-07-13_AA0008_r-066-02",6,0,66,2,"2014-09-16 00:22:28","60","240","2014-09-16 04:22:31"
71,"2014-08-27_AA0027_r-080-02",5,0,80,2,"2014-11-14 01:50:44","60","240","2014-11-14 05:50:45"
72,"2014-06-20_AA0013_r-099-04",8,0,99,4,"2014-09-26 08:31:04","60","240","2014-09-26 12:31:06"
73,"2014-08-27_AA0027_r-076-05",5,0,76,5,"2014-11-10 13:49:38","60","240","2014-11-10 17:49:44"
74,"2014-08-10_AA0025_r-059-01",10,0,59,1,"2014-10-06 20:46:05","60","240","2014-10-07 00:46:08"
75,"2014-07-20_AA0011_r-063-01",7,0,63,1,"2014-09-19 21:01:06","60","240","2014-09-20 01:01:09"
76,"2014-07-20_AA0011_r-049-05",7,0,49,5,"2014-09-06 12:57:47","60","240","2014-09-06 16:57:50"
77,"2014-06-20_AA0013_r-098-03",8,0,98,3,"2014-09-25 04:30:46","60","240","2014-09-25 08:30:48"
78,"2014-08-12_AA0028_r-073-01",1,0,73,1,"2014-10-22 21:42:47","60","240","2014-10-23 01:42:49"
79,"2014-07-23_AA0012_r-044-05",9,0,44,5,"2014-09-04 15:51:59","60","240","2014-09-04 19:52:01"
80,"2014-06-20_AA0013_r-089-03",8,0,89,3,"2014-09-16 04:28:27","60","240","2014-09-16 08:28:30"
81,"2014-07-13_AA0008_r-058-05",6,0,58,5,"2014-09-08 12:08:51","60","240","2014-09-08 16:08:53"
82,"2014-08-27_AA0027_r-076-06",5,0,76,6,"2014-11-10 17:49:44","60","240","2014-11-10 21:49:47"
83,"2014-07-16_AA0010_r-069-05",14,0,69,5,"2014-09-22 12:32:14","60","240","2014-09-22 16:32:16"
84,"2014-07-23_AA0012_r-029-01",9,0,29,1,"2014-08-19 12:02:47","360","240","2014-08-20 12:01:50"
85,"2014-08-27_AA0027_r-067-06",5,0,67,6,"2014-11-01 18:39:54","60","240","2014-11-01 22:39:57"
86,"2014-07-16_AA0010_r-065-03",14,0,65,3,"2014-09-18 04:30:53","60","240","2014-09-18 08:30:55"
87,"2014-08-06_AA0017_r-056-06",2,0,56,6,"2014-09-30 18:47:25","60","240","2014-09-30 22:47:28"
88,"2014-07-28_AA0014_r-070-02",4,0,70,2,"2014-10-05 03:39:41","60","240","2014-10-05 07:39:45"
89,"2014-07-20_AA0011_r-053-06",7,0,53,6,"2014-09-10 16:58:50","60","240","2014-09-10 20:58:52"
90,"2014-07-23_AA0012_r-060-04",9,0,60,4,"2014-09-20 11:56:51","60","240","2014-09-20 15:56:57"
91,"2014-08-12_AA0028_r-071-01",1,0,71,1,"2014-10-20 21:42:14","60","240","2014-10-21 01:42:16"
92,"2014-07-13_AA0008_r-044-02",6,0,44,2,"2014-08-25 01:52:21","60","240","2014-08-25 05:52:24"
93,"2014-07-28_AA0014_r-065-03",4,0,65,3,"2014-09-30 07:38:21","60","240","2014-09-30 11:38:23"
94,"2014-09-24_AA0012_r-055-06",12,0,55,6,"2014-11-17 18:11:52","60","240","2014-11-17 22:11:53"
95,"2014-08-27_AA0027_r-053-03",5,0,53,3,"2014-10-18 06:28:09","60","240","2014-10-18 10:28:15"
96,"2014-09-24_AA0012_r-042-05",12,0,42,5,"2014-11-04 14:08:32","60","240","2014-11-04 18:08:35"
97,"2014-08-27_AA0027_r-041-02",5,0,41,2,"2014-10-06 13:44:38","60","240","2014-10-06 17:44:42"
98,"2014-07-13_AA0008_r-051-02",6,0,51,2,"2014-09-01 01:00:12","60","240","2014-09-01 05:00:14"
99,"2014-08-12_AA0028_r-053-06",1,0,53,6,"2014-10-03 17:30:00","60","240","2014-10-03 21:30:02"
100,"2014-08-27_AA0027_r-064-04",5,0,64,4,"2014-10-29 10:38:51","60","240","2014-10-29 14:38:56"
101,"2014-06-20_AA0013_r-068-04",8,0,68,4,"2014-08-26 10:37:03","60","240","2014-08-26 14:37:05"
102,"2014-07-28_AA0014_r-058-01",4,0,58,1,"2014-09-22 23:36:17","60","240","2014-09-23 03:36:20"
103,"2014-08-21_AA0026_r-045-02",11,0,45,2,"2014-10-04 03:52:56","60","240","2014-10-04 07:52:58"
104,"2014-07-20_AA0011_r-063-04",7,0,63,4,"2014-09-20 09:01:14","60","240","2014-09-20 13:01:17"
105,"2014-08-06_AA0017_r-060-03",2,0,60,3,"2014-10-04 06:48:17","60","240","2014-10-04 10:48:20"
106,"2014-08-21_AA0026_r-045-03",11,0,45,3,"2014-10-04 07:52:58","60","240","2014-10-04 11:53:01"
107,"2014-07-13_AA0008_r-050-07",6,0,50,7,"2014-08-31 13:00:03","60","240","2014-08-31 17:00:07"
108,"2014-06-20_AA0013_r-105-03",8,0,105,3,"2014-10-02 04:32:34","60","240","2014-10-02 08:32:36"
109,"2014-08-12_AA0028_r-051-01",1,0,51,1,"2014-09-30 21:29:10","60","240","2014-10-01 01:29:14"
110,"2014-08-10_AA0025_r-063-06",10,0,63,6,"2014-10-11 16:47:26","60","240","2014-10-11 20:47:28"
111,"2014-07-16_AA0010_r-061-01",14,0,61,1,"2014-09-13 20:22:30","60","240","2014-09-14 00:22:31"
112,"2014-08-06_AA0017_r-069-02",2,0,69,2,"2014-10-13 02:50:28","60","240","2014-10-13 06:50:31"
113,"2014-07-13_AA0009_r-059-04",3,0,59,4,"2014-09-09 10:59:46","60","240","2014-09-09 14:59:51"
114,"2014-07-13_AA0008_r-073-01",6,0,73,1,"2014-09-22 20:24:16","60","240","2014-09-23 00:24:18"
115,"2014-07-28_AA0014_r-080-05",4,0,80,5,"2014-10-15 15:48:29","60","240","2014-10-15 15:52:46"
116,"2014-07-28_AA0014_r-057-04",4,0,57,4,"2014-09-22 11:36:09","60","240","2014-09-22 15:36:11"
117,"2014-07-23_AA0012_r-049-03",9,0,49,3,"2014-09-09 07:53:28","60","240","2014-09-09 11:53:29"
118,"2014-09-24_AA0012_r-003-01",12,0,3,1,"2014-09-25 13:57:42","360","240","2014-09-26 13:56:45"
119,"2014-08-06_AA0017_r-063-02",2,0,63,2,"2014-10-07 02:48:59","60","240","2014-10-07 06:49:02"
120,"2014-07-13_AA0008_r-066-06",6,0,66,6,"2014-09-16 16:22:39","60","240","2014-09-16 20:22:42"
121,"2014-07-23_AA0012_r-042-06",9,0,42,6,"2014-09-02 19:51:22","60","240","2014-09-02 23:51:25"
122,"2014-07-16_AA0010_r-049-02",14,0,49,2,"2014-09-02 00:18:53","60","240","2014-09-02 04:18:56"
123,"2014-08-10_AA0025_r-066-03",10,0,66,3,"2014-10-14 04:48:07","60","240","2014-10-14 08:48:11"
124,"2014-07-16_AA0010_r-067-04",14,0,67,4,"2014-09-20 08:31:34","60","240","2014-09-20 12:31:37"
125,"2014-07-13_AA0009_r-056-04",3,0,56,4,"2014-09-06 09:36:25","60","240","2014-09-06 13:36:30"
126,"2014-07-13_AA0009_r-057-05",3,0,57,5,"2014-09-07 10:57:02","60","2","2014-09-07 10:59:13"
127,"2014-07-22_AA0024_r-067-01",13,0,67,1,"2014-09-25 23:14:50","60","240","2014-09-26 03:14:51"
128,"2014-07-28_AA0014_r-073-04",4,0,73,4,"2014-10-08 11:40:37","60","240","2014-10-08 15:40:40"
129,"2014-10-02_AA0007_r-001-01",15,0,1,1,"2014-10-01 08:05:17","60","0","2014-10-02 09:51:26"
130,"2014-07-28_AA0014_r-052-01",4,0,52,1,"2014-09-16 11:40:23","360","240","2014-09-17 11:39:28"
131,"2014-06-20_AA0013_r-060-05",8,0,60,5,"2014-08-18 14:37:21","60","240","2014-08-18 18:37:24"
132,"2014-08-21_AA0026_r-053-05",11,0,53,5,"2014-10-12 15:55:09","60","240","2014-10-12 19:55:12"
133,"2014-09-24_AA0012_r-044-04",12,0,44,4,"2014-11-06 10:09:00","60","240","2014-11-06 14:09:03"
134,"2014-09-24_AA0012_r-048-02",12,0,48,2,"2014-11-10 02:09:55","60","240","2014-11-10 06:09:58"
135,"2014-08-21_AA0026_r-057-05",11,0,57,5,"2014-10-16 15:56:12","60","240","2014-10-16 19:56:15"
136,"2014-07-20_AA0011_r-058-05",7,0,58,5,"2014-09-15 13:00:02","60","240","2014-09-15 17:00:04"
137,"2014-08-10_AA0025_r-062-06",10,0,62,6,"2014-10-10 16:47:08","60","240","2014-10-10 20:47:11"
138,"2014-07-13_AA0008_r-059-02",6,0,59,2,"2014-09-09 00:08:58","60","240","2014-09-09 04:09:01"
139,"2014-07-13_AA0008_r-078-04",6,0,78,4,"2014-09-28 08:25:42","60","240","2014-09-28 12:25:44"
140,"2014-07-28_AA0014_r-077-02",4,0,77,2,"2014-10-12 03:47:32","60","240","2014-10-12 07:47:35"
141,"2014-07-16_AA0010_r-043-04",14,0,43,4,"2014-08-27 08:18:25","60","240","2014-08-27 12:18:26"
142,"2014-06-20_AA0013_r-070-01",8,0,70,1,"2014-08-27 22:37:26","60","240","2014-08-28 02:37:28"
143,"2014-07-22_AA0024_r-062-04",13,0,62,4,"2014-09-21 11:13:43","60","240","2014-09-21 15:13:42"
144,"2014-08-21_AA0026_r-047-01",11,0,47,1,"2014-10-05 23:53:24","60","240","2014-10-06 03:53:27"
145,"2014-07-16_AA0010_r-063-03",14,0,63,3,"2014-09-16 04:30:17","60","240","2014-09-16 08:30:22"
146,"2014-08-27_AA0027_r-083-01",5,0,83,1,"2014-11-16 21:51:37","60","240","2014-11-17 01:51:37"
147,"2014-07-20_AA0011_r-063-05",7,0,63,5,"2014-09-20 13:01:17","60","240","2014-09-20 17:01:18"
148,"2014-08-10_AA0025_r-057-03",10,0,57,3,"2014-10-05 04:45:38","60","240","2014-10-05 08:45:40"
149,"2014-07-28_AA0014_r-087-01",4,0,87,1,"2014-10-21 20:04:36","60","240","2014-10-22 00:04:39"
150,"2014-07-20_AA0011_r-050-06",7,0,50,6,"2014-09-07 16:58:05","60","240","2014-09-07 20:58:08"
151,"2014-07-23_AA0012_r-055-06",9,0,55,6,"2014-09-15 19:55:28","60","240","2014-09-15 23:55:29"
152,"2014-08-06_AA0017_r-056-01",2,0,56,1,"2014-09-29 22:47:13","60","240","2014-09-30 02:47:15"
153,"2014-07-28_AA0014_r-040-06",4,0,40,6,"2014-09-05 19:49:13","60","240","2014-09-05 23:49:16"
154,"2014-08-12_AA0028_r-066-02",1,0,66,2,"2014-10-16 01:33:23","60","240","2014-10-16 05:33:26"
155,"2014-08-12_AA0028_r-062-04",1,0,62,4,"2014-10-12 09:32:21","60","240","2014-10-12 13:32:25"
156,"2014-08-06_AA0017_r-058-01",2,0,58,1,"2014-10-01 22:47:42","60","240","2014-10-02 02:47:45"
157,"2014-07-22_AA0024_r-068-06",13,0,68,6,"2014-09-27 19:15:18","60","240","2014-09-27 23:15:20"
158,"2014-08-27_AA0027_r-067-01",5,0,67,1,"2014-10-31 22:39:39","60","240","2014-11-01 02:39:41"
159,"2014-07-13_AA0009_r-062-01",3,0,62,1,"2014-09-11 23:00:27","60","240","2014-09-12 03:00:32"
160,"2014-07-20_AA0011_r-048-02",7,0,48,2,"2014-09-05 00:57:25","60","240","2014-09-05 04:57:28"
161,"2014-06-20_AA0013_r-069-04",8,0,69,4,"2014-08-27 10:37:18","60","240","2014-08-27 14:37:22"
162,"2014-08-12_AA0028_r-069-04",1,0,69,4,"2014-10-19 09:34:18","60","240","2014-10-19 13:34:21"
163,"2014-07-23_AA0012_r-046-04",9,0,46,4,"2014-09-06 11:52:32","60","240","2014-09-06 15:52:36"
164,"2014-09-24_AA0012_r-046-05",12,0,46,5,"2014-11-08 14:09:32","60","240","2014-11-08 18:09:35"
165,"2014-08-21_AA0026_r-050-04",11,0,50,4,"2014-10-09 11:54:19","60","240","2014-10-09 15:54:22"
166,"2014-08-21_AA0026_r-047-06",11,0,47,6,"2014-10-06 19:53:38","60","240","2014-10-06 23:53:40"
167,"2014-08-27_AA0027_r-036-01",5,0,36,1,"2014-09-30 13:50:01","360","240","2014-10-01 13:49:07"
168,"2014-08-10_AA0025_r-053-04",10,0,53,4,"2014-10-01 08:44:36","60","240","2014-10-01 12:44:39"
169,"2014-06-20_AA0013_r-091-04",8,0,91,4,"2014-09-18 08:29:00","60","240","2014-09-18 12:29:03"
170,"2014-08-27_AA0027_r-081-06",5,0,81,6,"2014-11-15 17:51:13","60","240","2014-11-15 21:51:19"
171,"2014-07-20_AA0011_r-059-04",7,0,59,4,"2014-09-16 09:00:14","60","240","2014-09-16 13:00:17"
172,"2014-08-27_AA0027_r-071-03",5,0,71,3,"2014-11-05 05:40:58","60","240","2014-11-05 09:40:59"
173,"2014-07-28_AA0014_r-062-02",4,0,62,2,"2014-09-27 03:37:27","60","240","2014-09-27 07:37:30"
174,"2014-06-20_AA0013_r-089-05",8,0,89,5,"2014-09-16 12:28:31","60","240","2014-09-16 16:28:35"
175,"2014-07-28_AA0014_r-077-04",4,0,77,4,"2014-10-12 11:47:37","60","240","2014-10-12 15:47:40"
176,"2014-08-06_AA0017_r-052-02",2,0,52,2,"2014-09-26 18:44:52","60","240","2014-09-26 22:46:28"
177,"2014-06-20_AA0013_r-100-05",8,0,100,5,"2014-09-27 12:31:22","60","240","2014-09-27 16:31:25"
178,"2014-07-28_AA0014_r-058-05",4,0,58,5,"2014-09-23 15:36:29","60","240","2014-09-23 19:36:31"
179,"2014-08-27_AA0027_r-082-01",5,0,82,1,"2014-11-15 21:51:19","60","240","2014-11-16 01:51:20"
180,"2014-06-20_AA0013_r-101-01",8,0,101,1,"2014-09-27 20:31:28","60","240","2014-09-28 00:31:30"
181,"2014-07-13_AA0008_r-055-03",6,0,55,3,"2014-09-05 04:24:20","60","240","2014-09-05 08:24:23"
182,"2014-07-13_AA0008_r-075-05",6,0,75,5,"2014-09-25 12:24:58","60","240","2014-09-25 16:25:01"
183,"2014-07-13_AA0008_r-050-05",6,0,50,5,"2014-08-31 12:03:14","60","55","2014-08-31 12:58:37"
184,"2014-07-16_AA0010_r-044-01",14,0,44,1,"2014-08-27 20:18:33","60","240","2014-08-28 00:18:35"
185,"2014-07-23_AA0012_r-046-03",9,0,46,3,"2014-09-06 07:52:29","60","240","2014-09-06 11:52:32"
186,"2014-07-16_AA0010_r-069-01",14,0,69,1,"2014-09-21 20:32:01","60","240","2014-09-22 00:32:04"
187,"2014-07-13_AA0009_r-056-01",3,0,56,1,"2014-09-05 21:36:17","60","240","2014-09-06 01:36:21"
188,"2014-07-20_AA0011_r-056-06",7,0,56,6,"2014-09-13 16:59:34","60","240","2014-09-13 20:59:37"
189,"2014-06-20_AA0013_r-084-05",8,0,84,5,"2014-09-11 12:27:15","60","240","2014-09-11 16:27:17"
190,"2014-07-22_AA0024_r-065-01",13,0,65,1,"2014-09-23 23:14:18","60","240","2014-09-24 03:14:21"
191,"2014-07-13_AA0008_r-052-01",6,0,52,1,"2014-09-01 21:06:15","60","240","2014-09-02 01:06:18"
192,"2014-07-22_AA0024_r-057-02",13,0,57,2,"2014-09-16 03:12:23","60","240","2014-09-16 07:12:26"
193,"2014-08-27_AA0027_r-076-04",5,0,76,4,"2014-11-10 09:49:38","60","240","2014-11-10 13:49:38"
194,"2014-07-16_AA0010_r-041-03",14,0,41,3,"2014-08-25 12:17:52","60","240","2014-08-25 16:17:55"
195,"2014-07-20_AA0011_r-055-02",7,0,55,2,"2014-09-12 00:59:10","60","240","2014-09-12 04:59:13"
196,"2014-08-21_AA0026_r-048-03",11,0,48,3,"2014-10-07 07:53:46","60","240","2014-10-07 11:53:48"
197,"2014-07-28_AA0014_r-048-01",4,0,48,1,"2014-09-12 11:44:00","360","240","2014-09-13 11:43:06"
198,"2014-07-20_AA0011_r-047-03",7,0,47,3,"2014-09-04 04:57:12","60","240","2014-09-04 08:57:15"
199,"2014-08-06_AA0017_r-064-03",2,0,64,3,"2014-10-08 06:49:16","60","240","2014-10-08 10:49:19"
200,"2014-07-28_AA0014_r-077-06",4,0,77,6,"2014-10-12 19:47:42","60","240","2014-10-12 23:47:46"
201,"2014-07-20_AA0011_r-060-03",7,0,60,3,"2014-09-17 05:00:27","60","240","2014-09-17 09:00:29"
202,"2014-07-28_AA0014_r-079-03",4,0,79,3,"2014-10-14 07:48:08","60","240","2014-10-14 11:48:10"
203,"2014-08-27_AA0027_r-074-05",5,0,74,5,"2014-11-08 13:41:57","60","240","2014-11-08 17:42:02"
204,"2014-07-13_AA0009_r-061-03",3,0,61,3,"2014-09-11 07:00:16","60","240","2014-09-11 11:00:18"
205,"2014-08-21_AA0026_r-043-04",11,0,43,4,"2014-10-02 11:45:25","60","240","2014-10-02 15:45:28"
206,"2014-08-10_AA0025_r-050-01",10,0,50,1,"2014-09-22 08:57:35","60","0","2014-09-28 12:42:21"
207,"2014-09-24_AA0012_r-050-03",12,0,50,3,"2014-11-12 06:10:27","60","240","2014-11-12 10:10:30"
208,"2014-07-13_AA0008_r-068-01",6,0,68,1,"2014-09-17 20:22:58","60","240","2014-09-18 00:23:00"
209,"2014-06-20_AA0013_r-064-03",8,0,64,3,"2014-08-22 06:37:08","60","240","2014-08-22 10:37:53"
210,"2014-07-13_AA0008_r-078-03",6,0,78,3,"2014-09-28 04:25:39","60","240","2014-09-28 08:25:42"
211,"2014-07-22_AA0024_r-047-01",13,0,47,1,"2014-09-05 23:20:16","60","240","2014-09-06 03:20:19"
212,"2014-07-13_AA0008_r-049-03",6,0,49,3,"2014-08-30 07:50:10","60","240","2014-08-30 11:50:12"
213,"2014-07-23_AA0012_r-055-01",9,0,55,1,"2014-09-14 23:55:12","60","240","2014-09-15 03:55:13"
214,"2014-08-21_AA0026_r-051-02",11,0,51,2,"2014-10-10 03:54:30","60","240","2014-10-10 07:54:33"
215,"2014-08-27_AA0027_r-075-03",5,0,75,3,"2014-11-09 05:42:11","60","240","2014-11-09 09:42:12"
216,"2014-07-16_AA0010_r-049-03",14,0,49,3,"2014-09-02 04:18:56","60","240","2014-09-02 08:18:59"
217,"2014-10-02_AA0007_r-002-01",15,0,2,1,"2014-10-02 09:51:26","60","240","2014-10-03 09:51:58"
218,"2014-06-20_AA0013_r-078-05",8,0,78,5,"2014-09-05 14:39:41","60","240","2014-09-05 18:39:43"
219,"2014-09-24_AA0012_r-045-04",12,0,45,4,"2014-11-07 10:09:14","60","240","2014-11-07 14:09:17"
220,"2014-07-16_AA0010_r-041-01",14,0,41,1,"2014-08-24 08:18:43","360","240","2014-08-25 08:17:47"
221,"2014-07-23_AA0012_r-055-02",9,0,55,2,"2014-09-15 03:55:13","60","240","2014-09-15 07:55:15"
222,"2014-06-20_AA0013_r-084-06",8,0,84,6,"2014-09-11 16:27:17","60","240","2014-09-11 20:27:20"
223,"2014-07-20_AA0011_r-067-03",7,0,67,3,"2014-09-24 05:02:11","60","240","2014-09-24 09:02:13"
224,"2014-06-20_AA0013_r-065-01",8,0,65,1,"2014-08-22 14:37:13","360","240","2014-08-23 14:36:18"
225,"2014-08-06_AA0017_r-071-02",2,0,71,2,"2014-10-15 02:50:58","60","240","2014-10-15 06:50:58"
226,"2014-08-27_AA0027_r-033-01",5,0,33,1,"2014-09-27 13:52:45","360","240","2014-09-28 13:51:51"
227,"2014-07-23_AA0012_r-047-03",9,0,47,3,"2014-09-07 07:52:47","60","240","2014-09-07 11:52:51"
228,"2014-07-16_AA0010_r-043-05",14,0,43,5,"2014-08-27 12:18:26","60","240","2014-08-27 16:18:29"
229,"2014-07-28_AA0014_r-063-05",4,0,63,5,"2014-09-28 15:37:52","60","240","2014-09-28 19:37:55"
230,"2014-06-20_AA0013_r-080-02",8,0,80,2,"2014-09-07 00:26:05","60","240","2014-09-07 04:26:08"
231,"2014-07-20_AA0011_r-056-02",7,0,56,2,"2014-09-13 00:59:24","60","240","2014-09-13 04:59:27"
232,"2014-06-20_AA0013_r-094-03",8,0,94,3,"2014-09-21 04:29:44","60","240","2014-09-21 08:29:47"
233,"2014-08-27_AA0027_r-066-05",5,0,66,5,"2014-10-31 14:39:32","60","240","2014-10-31 18:39:33"
234,"2014-08-21_AA0026_r-044-01",11,0,44,1,"2014-10-02 23:52:38","60","240","2014-10-03 03:52:40"
235,"2014-07-23_AA0012_r-043-05",9,0,43,5,"2014-09-03 15:51:38","60","240","2014-09-03 19:51:41"
236,"2014-08-10_AA0025_r-056-03",10,0,56,3,"2014-10-04 04:45:22","60","240","2014-10-04 08:45:23"
237,"2014-07-28_AA0014_r-074-01",4,0,74,1,"2014-10-08 23:40:46","60","240","2014-10-09 03:40:49"
238,"2014-08-12_AA0028_r-056-02",1,0,56,2,"2014-10-06 01:30:38","60","240","2014-10-06 05:30:39"
239,"2014-06-20_AA0013_r-059-02",8,0,59,2,"2014-08-17 02:36:58","60","240","2014-08-17 06:37:01"
240,"2014-07-13_AA0009_r-053-04",3,0,53,4,"2014-09-03 09:35:38","60","240","2014-09-03 13:35:38"
241,"2014-08-10_AA0025_r-062-01",10,0,62,1,"2014-10-09 20:46:54","60","240","2014-10-10 00:46:57"
242,"2014-07-16_AA0010_r-065-01",14,0,65,1,"2014-09-17 20:30:46","60","240","2014-09-18 00:30:52"
243,"2014-07-20_AA0011_r-051-02",7,0,51,2,"2014-09-08 00:58:10","60","240","2014-09-08 04:58:13"
244,"2014-06-20_AA0013_r-058-02",8,0,58,2,"2014-08-16 02:36:42","60","240","2014-08-16 06:36:44"
245,"2014-08-27_AA0027_r-067-04",5,0,67,4,"2014-11-01 10:39:48","60","240","2014-11-01 14:39:48"
246,"2014-07-28_AA0014_r-057-05",4,0,57,5,"2014-09-22 15:36:11","60","240","2014-09-22 19:36:15"
247,"2014-07-16_AA0010_r-058-03",14,0,58,3,"2014-09-11 04:21:40","60","240","2014-09-11 08:21:42"
248,"2014-07-13_AA0008_r-075-01",6,0,75,1,"2014-09-24 20:24:47","60","240","2014-09-25 00:24:50"
249,"2014-07-22_AA0024_r-067-03",13,0,67,3,"2014-09-26 07:14:54","60","240","2014-09-26 11:14:56"
250,"2014-09-24_AA0012_r-056-02",12,0,56,2,"2014-11-18 02:11:56","60","240","2014-11-18 06:11:58"
251,"2014-07-16_AA0010_r-049-05",14,0,49,5,"2014-09-02 12:19:04","60","240","2014-09-02 16:19:07"
252,"2014-07-13_AA0009_r-063-05",3,0,63,5,"2014-09-13 15:00:54","60","240","2014-09-13 19:00:58"
253,"2014-08-06_AA0017_r-053-06",2,0,53,6,"2014-09-27 18:46:40","60","240","2014-09-27 22:46:43"
254,"2014-06-20_AA0013_r-095-01",8,0,95,1,"2014-09-21 20:29:55","60","240","2014-09-22 00:29:57"
255,"2014-07-28_AA0014_r-056-03",4,0,56,3,"2014-09-21 15:35:55","60","240","2014-09-21 19:35:58"
256,"2014-08-10_AA0025_r-060-02",10,0,60,2,"2014-10-08 00:46:25","60","240","2014-10-08 04:46:26"
257,"2014-07-13_AA0008_r-069-05",6,0,69,5,"2014-09-19 12:23:24","60","240","2014-09-19 16:23:26"
258,"2014-07-13_AA0009_r-031-01",3,0,31,1,"2014-08-11 16:14:17","3435","0","2014-08-12 11:34:38"
259,"2014-07-13_AA0009_r-062-05",3,0,62,5,"2014-09-12 15:00:38","60","240","2014-09-12 19:00:41"
260,"2014-08-12_AA0028_r-058-06",1,0,58,6,"2014-10-08 17:31:22","60","240","2014-10-08 21:31:23"
261,"2014-07-20_AA0011_r-054-01",7,0,54,1,"2014-09-10 20:58:52","60","240","2014-09-11 00:58:55"
262,"2014-07-16_AA0010_r-046-04",14,0,46,4,"2014-08-30 08:18:05","60","240","2014-08-30 12:18:07"
263,"2014-07-28_AA0014_r-076-03",4,0,76,3,"2014-10-11 07:47:18","60","240","2014-10-11 11:47:20"
264,"2014-07-13_AA0008_r-052-06",6,0,52,6,"2014-09-02 17:06:29","60","240","2014-09-02 21:06:32"
265,"2014-06-20_AA0013_r-081-01",8,0,81,1,"2014-09-07 20:26:18","60","240","2014-09-08 00:26:21"
266,"2014-07-23_AA0012_r-044-01",9,0,44,1,"2014-09-03 23:51:44","60","240","2014-09-04 03:51:47"
267,"2014-08-12_AA0028_r-054-01",1,0,54,1,"2014-10-03 21:30:02","60","240","2014-10-04 01:30:03"
268,"2014-07-16_AA0010_r-047-06",14,0,47,6,"2014-08-31 16:18:29","60","240","2014-08-31 20:18:34"
269,"2014-07-22_AA0024_r-058-04",13,0,58,4,"2014-09-17 11:12:42","60","240","2014-09-17 15:12:45"
270,"2014-07-16_AA0010_r-017-01",14,0,17,1,"2014-08-28 12:18:45","60","240","2000-01-01 00:00:40"
271,"2014-08-06_AA0017_r-061-06",2,0,61,6,"2014-10-05 18:48:39","60","240","2014-10-05 22:48:42"
272,"2014-07-20_AA0011_r-054-05",7,0,54,5,"2014-09-11 12:59:02","60","240","2014-09-11 16:59:05"
273,"2014-07-23_AA0012_r-058-05",9,0,58,5,"2014-09-18 15:56:21","60","240","2014-09-18 19:56:22"
274,"2014-07-22_AA0024_r-058-02",13,0,58,2,"2014-09-17 03:12:36","60","240","2014-09-17 07:12:42"
275,"2014-06-20_AA0013_r-073-03",8,0,73,3,"2014-08-31 06:38:17","60","240","2014-08-31 10:38:20"
276,"2014-07-22_AA0024_r-057-03",13,0,57,3,"2014-09-16 07:12:26","60","240","2014-09-16 11:12:27"
277,"2014-08-12_AA0028_r-055-02",1,0,55,2,"2014-10-05 01:30:19","60","240","2014-10-05 05:30:22"
278,"2014-08-27_AA0027_r-070-02",5,0,70,2,"2014-11-04 01:40:37","60","240","2014-11-04 05:40:40"
279,"2014-08-27_AA0027_r-042-05",5,0,42,5,"2014-10-07 13:44:55","60","240","2014-10-07 17:45:00"
280,"2014-08-27_AA0027_r-045-02",5,0,45,2,"2014-10-10 01:52:51","60","240","2014-10-10 05:52:52"
281,"2014-07-20_AA0011_r-063-06",7,0,63,6,"2014-09-20 17:01:18","60","240","2014-09-20 21:01:21"
282,"2014-08-27_AA0027_r-080-06",5,0,80,6,"2014-11-14 17:50:54","60","240","2014-11-14 21:51:00"
283,"2014-09-24_AA0012_r-053-06",12,0,53,6,"2014-11-15 18:11:21","60","240","2014-11-15 22:11:23"
284,"2014-07-23_AA0012_r-049-06",9,0,49,6,"2014-09-09 19:53:35","60","240","2014-09-09 23:53:38"
285,"2014-08-06_AA0017_r-057-03",2,0,57,3,"2014-10-01 06:47:33","60","240","2014-10-01 10:47:35"
286,"2014-07-16_AA0010_r-057-06",14,0,57,6,"2014-09-10 16:21:33","60","240","2014-09-10 20:21:34"
287,"2014-10-02_AA0007_r-008-01",15,0,8,1,"2014-10-08 09:47:25","360","240","2014-10-09 09:46:28"
288,"2014-09-24_AA0012_r-018-01",12,0,18,1,"2014-10-10 15:23:12","360","240","2014-10-11 15:22:17"
289,"2014-09-24_AA0012_r-003-02",12,0,3,2,"2014-09-26 13:56:45","360","0","2014-09-26 15:33:20"
290,"2014-08-10_AA0025_r-057-01",10,0,57,1,"2014-10-04 20:45:33","60","240","2014-10-05 00:45:36"
291,"2014-07-28_AA0014_r-064-06",4,0,64,6,"2014-09-29 19:38:12","60","240","2014-09-29 23:38:15"
292,"2014-08-10_AA0025_r-056-05",10,0,56,5,"2014-10-04 12:45:27","60","240","2014-10-04 16:45:30"
293,"2014-07-22_AA0024_r-069-03",13,0,69,3,"2014-09-28 07:15:25","60","240","2014-09-28 11:15:25"
294,"2014-06-20_AA0013_r-100-03",8,0,100,3,"2014-09-27 04:31:17","60","240","2014-09-27 08:31:19"
295,"2014-07-23_AA0012_r-056-05",9,0,56,5,"2014-09-16 15:55:43","60","240","2014-09-16 19:55:45"
296,"2014-08-27_AA0027_r-064-06",5,0,64,6,"2014-10-29 18:38:59","60","240","2014-10-29 22:39:00"
297,"2014-07-13_AA0008_r-060-02",6,0,60,2,"2014-09-10 00:09:14","60","240","2014-09-10 04:09:16"
298,"2014-07-16_AA0010_r-046-05",14,0,46,5,"2014-08-30 12:18:07","60","240","2014-08-30 16:18:10"
299,"2014-07-13_AA0008_r-048-03",6,0,48,3,"2014-08-29 06:21:39","60","88","2014-08-29 07:49:53"
300,"2014-08-27_AA0027_r-040-01",5,0,40,1,"2014-10-04 13:46:25","360","240","2014-10-05 13:45:34"
301,"2014-07-22_AA0024_r-044-03",13,0,44,3,"2014-09-03 18:00:32","60","240","2014-09-03 22:00:34"
302,"2014-07-23_AA0012_r-052-06",9,0,52,6,"2014-09-12 19:54:31","60","240","2014-09-12 23:54:32"
303,"2014-07-16_AA0010_r-068-06",14,0,68,6,"2014-09-21 16:31:58","60","240","2014-09-21 20:32:01"
304,"2014-08-10_AA0025_r-068-01",10,0,68,1,"2014-10-15 20:48:36","60","240","2014-10-16 00:48:38"
305,"2014-08-27_AA0027_r-060-03",5,0,60,3,"2014-10-25 06:37:35","60","240","2014-10-25 10:37:41"
306,"2014-06-20_AA0013_r-090-01",8,0,90,1,"2014-09-16 20:28:38","60","240","2014-09-17 00:28:40"
307,"2014-07-20_AA0011_r-067-06",7,0,67,6,"2014-09-24 17:02:18","60","240","2014-09-24 21:02:21"
308,"2014-06-20_AA0013_r-075-01",8,0,75,1,"2014-09-01 22:38:43","60","240","2014-09-02 02:38:46"
309,"2014-07-20_AA0011_r-042-01",7,0,42,1,"2014-08-29 20:48:47","60","240","2014-08-30 00:48:50"
310,"2014-08-27_AA0027_r-075-02",5,0,75,2,"2014-11-09 01:42:08","60","240","2014-11-09 05:42:11"
311,"2014-06-20_AA0013_r-071-02",8,0,71,2,"2014-08-29 02:37:44","60","240","2014-08-29 06:37:46"
312,"2014-07-28_AA0014_r-081-01",4,0,81,1,"2014-10-15 23:55:45","60","240","2014-10-16 03:55:47"
313,"2014-07-16_AA0010_r-069-04",14,0,69,4,"2014-09-22 08:32:10","60","240","2014-09-22 12:32:14"
314,"2014-08-27_AA0027_r-046-06",5,0,46,6,"2014-10-11 17:53:19","60","240","2014-10-11 21:53:23"
315,"2014-08-21_AA0026_r-048-01",11,0,48,1,"2014-10-06 23:53:40","60","240","2014-10-07 03:53:43"
316,"2014-07-28_AA0014_r-083-05",4,0,83,5,"2014-10-18 15:56:30","60","240","2014-10-18 19:56:33"
317,"2014-09-24_AA0012_r-001-01",12,0,1,1,"2014-09-17 13:31:22","60","0","2014-09-24 13:57:10"
318,"2014-08-21_AA0026_r-049-03",11,0,49,3,"2014-10-08 07:54:01","60","240","2014-10-08 11:54:04"
319,"2014-07-23_AA0012_r-047-06",9,0,47,6,"2014-09-07 19:52:57","60","240","2014-09-07 23:53:00"
320,"2014-06-20_AA0013_r-104-01",8,0,104,1,"2014-09-30 20:32:13","60","240","2014-10-01 00:32:16"
321,"2014-07-13_AA0008_r-046-06",6,0,46,6,"2014-08-27 16:07:19","60","240","2014-08-27 20:07:21"
322,"2014-09-24_AA0012_r-055-03",12,0,55,3,"2014-11-17 06:11:44","60","240","2014-11-17 10:11:47"
323,"2014-08-27_AA0027_r-035-01",5,0,35,1,"2014-09-29 13:50:55","360","240","2014-09-30 13:50:01"
324,"2014-07-16_AA0010_r-042-03",14,0,42,3,"2014-08-26 04:18:04","60","240","2014-08-26 08:18:05"
325,"2014-08-12_AA0028_r-052-05",1,0,52,5,"2014-10-02 13:29:38","60","240","2014-10-02 17:29:43"
326,"2014-07-13_AA0009_r-066-01",3,0,66,1,"2014-09-15 23:08:39","60","240","2014-09-16 03:08:41"
327,"2014-07-23_AA0012_r-049-04",9,0,49,4,"2014-09-09 11:53:29","60","240","2014-09-09 15:53:32"
328,"2014-07-16_AA0010_r-042-06",14,0,42,6,"2014-08-26 16:18:11","60","240","2014-08-26 20:18:15"
329,"2014-07-16_AA0010_r-062-03",14,0,62,3,"2014-09-15 04:29:59","60","240","2014-09-15 08:30:01"
330,"2014-07-13_AA0009_r-051-01",3,0,51,1,"2014-08-31 22:12:27","60","240","2014-09-01 02:12:28"
331,"2014-08-27_AA0027_r-050-06",5,0,50,6,"2014-10-15 18:27:25","60","240","2014-10-15 22:27:29"
332,"2014-07-13_AA0008_r-063-01",6,0,63,1,"2014-09-12 20:15:49","60","240","2014-09-13 00:15:52"
333,"2014-07-28_AA0014_r-057-02",4,0,57,2,"2014-09-22 03:36:04","60","240","2014-09-22 07:36:06"
334,"2014-07-28_AA0014_r-072-04",4,0,72,4,"2014-10-07 11:40:21","60","240","2014-10-07 15:40:23"
335,"2014-08-10_AA0025_r-057-06",10,0,57,6,"2014-10-05 16:45:46","60","240","2014-10-05 20:45:49"
336,"2014-06-20_AA0013_r-082-06",8,0,82,6,"2014-09-09 16:26:46","60","240","2014-09-09 20:26:49"
337,"2014-07-16_AA0010_r-070-01",14,0,70,1,"2014-09-22 20:32:19","60","240","2014-09-23 00:32:23"
338,"2014-07-16_AA0010_r-046-02",14,0,46,2,"2014-08-30 00:18:00","60","240","2014-08-30 04:18:01"
339,"2014-08-27_AA0027_r-061-01",5,0,61,1,"2014-10-25 22:37:50","60","240","2014-10-26 02:37:53"
340,"2014-08-06_AA0017_r-062-04",2,0,62,4,"2014-10-06 10:48:49","60","240","2014-10-06 14:48:52"
341,"2014-08-10_AA0025_r-066-05",10,0,66,5,"2014-10-14 12:48:13","60","240","2014-10-14 16:48:16"
342,"2014-08-12_AA0028_r-059-05",1,0,59,5,"2014-10-09 13:31:34","60","240","2014-10-09 17:31:36"
343,"2014-07-28_AA0014_r-073-02",4,0,73,2,"2014-10-08 03:40:30","60","240","2014-10-08 07:40:35"
344,"2014-07-16_AA0010_r-058-04",14,0,58,4,"2014-09-11 08:21:42","60","240","2014-09-11 12:21:46"
345,"2014-06-20_AA0013_r-079-04",8,0,79,4,"2014-09-06 16:26:01","60","240","2014-09-06 20:26:04"
346,"2014-08-06_AA0017_r-058-05",2,0,58,5,"2014-10-02 14:47:52","60","240","2014-10-02 18:47:54"
347,"2014-06-20_AA0013_r-094-01",8,0,94,1,"2014-09-20 20:29:39","60","240","2014-09-21 00:29:42"
348,"2014-07-16_AA0010_r-044-03",14,0,44,3,"2014-08-28 04:18:38","60","240","2014-08-28 08:18:42"
349,"2014-08-10_AA0025_r-057-05",10,0,57,5,"2014-10-05 12:45:42","60","240","2014-10-05 16:45:46"
350,"2014-07-13_AA0009_r-066-04",3,0,66,4,"2014-09-16 11:08:49","60","0","2014-09-16 11:42:57"
351,"2014-08-27_AA0027_r-080-01",5,0,80,1,"2014-11-13 21:50:39","60","240","2014-11-14 01:50:44"
352,"2014-07-22_AA0024_r-064-01",13,0,64,1,"2014-09-22 23:14:02","60","240","2014-09-23 03:14:04"
353,"2014-07-16_AA0010_r-070-04",14,0,70,4,"2014-09-23 08:32:28","60","0","2014-09-23 11:34:31"
354,"2014-07-13_AA0008_r-043-06",6,0,43,6,"2014-08-24 17:52:16","60","240","2014-08-24 21:52:19"
355,"2014-06-20_AA0013_r-100-01",8,0,100,1,"2014-09-26 20:31:11","60","240","2014-09-27 00:31:14"
356,"2014-07-08_AA0004_r-131-01",18,0,131,1,"2014-11-13 20:29:12","60","0","2014-11-15 13:54:51"
357,"2014-08-21_AA0026_r-049-01",11,0,49,1,"2014-10-07 23:53:56","60","240","2014-10-08 03:53:59"
358,"2014-07-16_AA0010_r-068-05",14,0,68,5,"2014-09-21 12:31:54","60","240","2014-09-21 16:31:58"
359,"2014-07-16_AA0010_r-068-02",14,0,68,2,"2014-09-21 00:31:46","60","240","2014-09-21 04:31:49"
360,"2014-07-20_AA0011_r-062-04",7,0,62,4,"2014-09-19 09:00:59","60","240","2014-09-19 13:01:01"
361,"2014-08-27_AA0027_r-066-03",5,0,66,3,"2014-10-31 06:39:24","60","240","2014-10-31 10:39:32"
362,"2014-08-27_AA0027_r-041-03",5,0,41,3,"2014-10-06 17:44:42","60","240","2014-10-06 21:44:45"
363,"2014-07-13_AA0008_r-076-01",6,0,76,1,"2014-09-25 20:25:03","60","240","2014-09-26 00:25:06"
364,"2014-08-21_AA0026_r-046-02",11,0,46,2,"2014-10-05 03:53:11","60","240","2014-10-05 07:53:14"
365,"2014-08-27_AA0027_r-054-03",5,0,54,3,"2014-10-19 06:28:30","60","240","2014-10-19 10:28:33"
366,"2014-06-20_AA0013_r-080-03",8,0,80,3,"2014-09-07 04:26:08","60","240","2014-09-07 08:26:10"
367,"2014-08-27_AA0027_r-058-06",5,0,58,6,"2014-10-23 18:37:10","60","240","2014-10-23 22:37:11"
368,"2014-08-21_AA0026_r-056-03",11,0,56,3,"2014-10-15 07:55:51","60","240","2014-10-15 11:55:54"
369,"2014-08-27_AA0027_r-047-02",5,0,47,2,"2014-10-12 01:53:26","60","240","2014-10-12 05:53:28"
370,"2014-08-12_AA0028_r-074-02",1,0,74,2,"2014-10-24 01:43:06","60","240","2014-10-24 05:43:09"
371,"2014-08-21_AA0026_r-057-06",11,0,57,6,"2014-10-16 19:56:15","60","240","2014-10-16 23:56:17"
372,"2014-08-06_AA0017_r-070-04",2,0,70,4,"2014-10-14 10:50:48","60","240","2014-10-14 14:50:50"
373,"2014-07-13_AA0008_r-040-02",6,0,40,2,"2014-08-21 11:30:29","360","70","2014-08-21 18:36:32"
374,"2014-06-20_AA0013_r-103-06",8,0,103,6,"2014-09-30 16:32:11","60","240","2014-09-30 20:32:13"
375,"2014-09-24_AA0012_r-005-01",12,0,5,1,"2014-09-27 15:35:08","360","240","2014-09-28 15:34:13"
376,"2014-07-13_AA0009_r-058-04",3,0,58,4,"2014-09-08 10:59:31","60","240","2014-09-08 14:59:32"
377,"2014-09-24_AA0012_r-006-01",12,0,6,1,"2014-09-28 15:34:13","360","240","2014-09-29 15:33:18"
378,"2014-08-12_AA0028_r-048-03",1,0,48,3,"2014-09-28 17:28:35","60","240","2014-09-28 21:28:40"
379,"2014-08-12_AA0028_r-055-04",1,0,55,4,"2014-10-05 09:30:24","60","240","2014-10-05 13:30:29"
380,"2014-08-27_AA0027_r-072-05",5,0,72,5,"2014-11-06 13:41:23","60","240","2014-11-06 17:41:23"
381,"2014-07-20_AA0011_r-069-01",7,0,69,1,"2014-09-25 21:02:35","60","240","2014-09-26 01:02:38"
382,"2014-09-24_AA0012_r-046-02",12,0,46,2,"2014-11-08 02:09:25","60","240","2014-11-08 06:09:27"
383,"2014-08-27_AA0027_r-074-04",5,0,74,4,"2014-11-08 09:41:54","60","240","2014-11-08 13:41:57"
384,"2014-08-27_AA0027_r-066-06",5,0,66,6,"2014-10-31 18:39:33","60","240","2014-10-31 22:39:39"
385,"2014-07-28_AA0014_r-065-02",4,0,65,2,"2014-09-30 03:38:18","60","240","2014-09-30 07:38:21"
386,"2014-07-28_AA0014_r-071-01",4,0,71,1,"2014-10-05 23:39:55","60","240","2014-10-06 03:39:59"
387,"2014-07-23_AA0012_r-043-02",9,0,43,2,"2014-09-03 03:51:29","60","240","2014-09-03 07:51:32"
388,"2014-08-06_AA0017_r-066-03",2,0,66,3,"2014-10-10 06:49:46","60","240","2014-10-10 10:49:48"
389,"2014-09-24_AA0012_r-048-01",12,0,48,1,"2014-11-09 22:09:53","60","240","2014-11-10 02:09:55"
390,"2014-08-21_AA0026_r-047-03",11,0,47,3,"2014-10-06 07:53:30","60","240","2014-10-06 11:53:33"
391,"2014-08-12_AA0028_r-064-01",1,0,64,1,"2014-10-13 21:32:47","60","240","2014-10-14 01:32:48"
392,"2014-09-24_AA0012_r-054-01",12,0,54,1,"2014-11-15 22:11:23","60","240","2014-11-16 02:11:26"
393,"2014-07-22_AA0024_r-060-02",13,0,60,2,"2014-09-19 03:13:06","60","240","2014-09-19 07:13:11"
394,"2014-09-24_AA0012_r-047-04",12,0,47,4,"2014-11-09 10:09:45","60","240","2014-11-09 14:09:47"
395,"2014-07-28_AA0014_r-057-06",4,0,57,6,"2014-09-22 19:36:15","60","240","2014-09-22 23:36:17"
396,"2014-07-20_AA0011_r-045-04",7,0,45,4,"2014-09-02 08:49:39","60","240","2014-09-02 12:49:42"
397,"2014-08-06_AA0017_r-075-02",2,0,75,2,"2014-10-19 02:51:56","60","240","2014-10-19 06:51:59"
398,"2014-07-16_AA0010_r-050-05",14,0,50,5,"2014-09-03 12:19:20","60","240","2014-09-03 16:19:23"
399,"2014-08-27_AA0027_r-046-04",5,0,46,4,"2014-10-11 09:53:16","60","240","2014-10-11 13:53:19"
400,"2014-06-20_AA0013_r-093-03",8,0,93,3,"2014-09-20 04:29:29","60","240","2014-09-20 08:29:33"
401,"2014-08-12_AA0028_r-068-02",1,0,68,2,"2014-10-18 01:33:56","60","240","2014-10-18 05:33:59"
402,"2014-07-13_AA0009_r-064-01",3,0,64,1,"2014-09-13 23:01:00","60","240","2014-09-14 03:01:03"
403,"2014-07-28_AA0014_r-076-01",4,0,76,1,"2014-10-10 23:47:12","60","240","2014-10-11 03:47:15"
404,"2014-06-20_AA0013_r-071-03",8,0,71,3,"2014-08-29 06:37:46","60","240","2014-08-29 10:37:49"
405,"2014-07-28_AA0014_r-040-05",4,0,40,5,"2014-09-05 15:49:11","60","240","2014-09-05 19:49:13"
406,"2014-07-13_AA0009_r-050-02",3,0,50,2,"2014-08-31 02:12:14","60","240","2014-08-31 06:12:17"
407,"2014-07-13_AA0008_r-062-06",6,0,62,6,"2014-09-12 16:15:47","60","240","2014-09-12 20:15:49"
408,"2014-08-27_AA0027_r-081-04",5,0,81,4,"2014-11-15 09:51:07","60","240","2014-11-15 13:51:12"
409,"2014-07-20_AA0011_r-064-04",7,0,64,4,"2014-09-21 09:01:29","60","240","2014-09-21 13:01:31"
410,"2014-08-27_AA0027_r-059-02",5,0,59,2,"2014-10-24 02:37:16","60","240","2014-10-24 06:37:19"
411,"2014-07-13_AA0008_r-039-02",6,0,39,2,"2014-08-20 09:19:14","360","19","2014-08-20 11:20:10"
412,"2014-07-20_AA0011_r-038-01",7,0,38,1,"2014-08-25 08:52:20","360","240","2014-08-26 08:51:24"
413,"2014-08-21_AA0026_r-042-01",11,0,42,1,"2014-09-30 23:45:02","60","240","2014-10-01 03:45:05"
414,"2014-07-13_AA0008_r-079-01",6,0,79,1,"2014-09-28 20:25:50","60","240","2014-09-29 00:25:52"
415,"2014-08-27_AA0027_r-046-03",5,0,46,3,"2014-10-11 05:53:10","60","240","2014-10-11 09:53:16"
416,"2014-08-27_AA0027_r-070-05",5,0,70,5,"2014-11-04 13:40:46","60","240","2014-11-04 17:40:49"
417,"2014-07-08_AA0004_r-131-02",18,0,131,2,"2014-11-15 13:54:51","60","4","2014-11-15 14:00:15"
418,"2014-06-20_AA0013_r-090-04",8,0,90,4,"2014-09-17 08:28:45","60","240","2014-09-17 12:28:48"
419,"2014-08-12_AA0028_r-056-01",1,0,56,1,"2014-10-05 21:30:33","60","240","2014-10-06 01:30:38"
420,"2014-07-28_AA0014_r-069-01",4,0,69,1,"2014-10-03 23:39:22","60","240","2014-10-04 03:39:25"
421,"2014-07-13_AA0008_r-068-06",6,0,68,6,"2014-09-18 16:23:11","60","240","2014-09-18 20:23:14"
422,"2014-07-13_AA0009_r-052-04",3,0,52,4,"2014-09-02 09:35:19","60","240","2014-09-02 13:35:21"
423,"2014-07-13_AA0009_r-061-02",3,0,61,2,"2014-09-11 03:00:13","60","240","2014-09-11 07:00:16"
424,"2014-07-28_AA0014_r-073-01",4,0,73,1,"2014-10-07 23:40:29","60","240","2014-10-08 03:40:30"
425,"2014-07-28_AA0014_r-062-04",4,0,62,4,"2014-09-27 11:37:33","60","240","2014-09-27 15:37:35"
426,"2014-07-13_AA0008_r-050-02",6,0,50,2,"2014-08-31 03:50:22","60","240","2014-08-31 07:50:25"
427,"2014-08-27_AA0027_r-050-05",5,0,50,5,"2014-10-15 14:27:24","60","240","2014-10-15 18:27:25"
428,"2014-08-27_AA0027_r-081-05",5,0,81,5,"2014-11-15 13:51:12","60","240","2014-11-15 17:51:13"
429,"2014-06-20_AA0013_r-088-02",8,0,88,2,"2014-09-15 00:28:09","60","240","2014-09-15 04:28:12"
430,"2014-09-24_AA0012_r-013-01",12,0,13,1,"2014-10-05 15:27:47","360","240","2014-10-06 15:26:53"
431,"2014-07-16_AA0010_r-042-02",14,0,42,2,"2014-08-26 00:17:59","60","240","2014-08-26 04:18:04"
432,"2014-07-13_AA0009_r-055-05",3,0,55,5,"2014-09-05 13:36:11","60","240","2014-09-05 17:36:14"
433,"2014-07-20_AA0011_r-056-03",7,0,56,3,"2014-09-13 04:59:27","60","240","2014-09-13 08:59:30"
434,"2014-08-27_AA0027_r-070-06",5,0,70,6,"2014-11-04 17:40:49","60","240","2014-11-04 21:40:50"
435,"2014-07-28_AA0014_r-063-04",4,0,63,4,"2014-09-28 11:37:47","60","240","2014-09-28 15:37:52"
436,"2014-07-22_AA0024_r-044-01",13,0,44,1,"2014-08-31 09:41:28","60","0","2014-09-03 13:59:02"
437,"2014-06-20_AA0013_r-099-02",8,0,99,2,"2014-09-26 00:30:59","60","240","2014-09-26 04:31:01"
438,"2014-07-23_AA0012_r-054-05",9,0,54,5,"2014-09-14 15:55:06","60","240","2014-09-14 19:55:07"
439,"2014-08-06_AA0017_r-065-02",2,0,65,2,"2014-10-09 02:49:29","60","240","2014-10-09 06:49:29"
440,"2014-08-06_AA0017_r-057-06",2,0,57,6,"2014-10-01 18:47:39","60","240","2014-10-01 22:47:42"
441,"2014-07-22_AA0024_r-048-01",13,0,48,1,"2014-09-06 11:20:23","360","240","2014-09-07 11:19:27"
442,"2014-07-13_AA0008_r-063-03",6,0,63,3,"2014-09-13 04:15:55","60","240","2014-09-13 08:15:57"
443,"2014-06-20_AA0013_r-061-04",8,0,61,4,"2014-08-19 10:37:34","60","240","2014-08-19 14:37:36"
444,"2014-09-24_AA0012_r-050-02",12,0,50,2,"2014-11-12 02:10:26","60","240","2014-11-12 06:10:27"
445,"2014-09-24_AA0012_r-020-01",12,0,20,1,"2014-10-12 15:21:22","360","240","2014-10-13 15:20:26"
446,"2014-07-13_AA0008_r-071-05",6,0,71,5,"2014-09-21 12:23:55","60","240","2014-09-21 16:23:58"
447,"2014-07-23_AA0012_r-044-04",9,0,44,4,"2014-09-04 11:51:53","60","240","2014-09-04 15:51:59"
448,"2014-08-27_AA0027_r-052-01",5,0,52,1,"2014-10-16 22:27:46","60","240","2014-10-17 02:27:49"
449,"2014-08-10_AA0025_r-068-02",10,0,68,2,"2014-10-16 00:48:38","60","240","2014-10-16 04:48:42"
450,"2014-08-06_AA0017_r-061-01",2,0,61,1,"2014-10-04 22:48:27","60","240","2014-10-05 02:48:29"
451,"2014-07-13_AA0008_r-060-06",6,0,60,6,"2014-09-10 16:09:25","60","240","2014-09-10 20:09:28"
452,"2014-06-20_AA0013_r-063-01",8,0,63,1,"2014-08-20 22:37:57","360","240","2014-08-21 22:37:03"
453,"2014-08-06_AA0017_r-073-06",2,0,73,6,"2014-10-17 18:51:37","60","240","2014-10-17 22:51:39"
454,"2014-07-23_AA0012_r-048-03",9,0,48,3,"2014-09-08 07:53:07","60","240","2014-09-08 11:53:12"
455,"2014-08-27_AA0027_r-060-06",5,0,60,6,"2014-10-25 18:37:44","60","240","2014-10-25 22:37:50"
456,"2014-08-06_AA0017_r-072-01",2,0,72,1,"2014-10-15 22:51:09","60","240","2014-10-16 02:51:12"
457,"2014-08-06_AA0017_r-062-06",2,0,62,6,"2014-10-06 18:48:55","60","240","2014-10-06 22:48:57"
458,"2014-07-20_AA0011_r-051-06",7,0,51,6,"2014-09-08 16:58:20","60","240","2014-09-08 20:58:23"
459,"2014-07-13_AA0008_r-071-01",6,0,71,1,"2014-09-20 20:23:44","60","240","2014-09-21 00:23:47"
460,"2014-08-27_AA0027_r-077-06",5,0,77,6,"2014-11-11 17:50:02","60","240","2014-11-11 21:50:05"
461,"2014-07-13_AA0008_r-063-06",6,0,63,6,"2014-09-13 16:16:02","60","240","2014-09-13 20:16:04"
462,"2014-08-06_AA0017_r-067-02",2,0,67,2,"2014-10-11 02:49:59","60","240","2014-10-11 06:50:01"
463,"2014-07-16_AA0010_r-052-01",14,0,52,1,"2014-09-04 20:19:47","60","240","2014-09-05 00:19:47"
464,"2014-07-20_AA0011_r-066-05",7,0,66,5,"2014-09-23 13:02:02","60","240","2014-09-23 17:02:03"
465,"2014-08-06_AA0017_r-058-03",2,0,58,3,"2014-10-02 06:47:48","60","240","2014-10-02 10:47:50"
466,"2014-08-27_AA0027_r-038-01",5,0,38,1,"2014-10-02 13:48:13","360","240","2014-10-03 13:47:22"
467,"2014-09-24_AA0012_r-051-04",12,0,51,4,"2014-11-13 10:10:45","60","240","2014-11-13 14:10:48"
468,"2014-08-12_AA0028_r-050-03",1,0,50,3,"2014-09-30 05:29:00","60","240","2014-09-30 09:29:05"
469,"2014-08-27_AA0027_r-043-01",5,0,43,1,"2014-10-07 21:50:45","60","240","2014-10-08 01:52:16"
470,"2014-07-20_AA0011_r-052-05",7,0,52,5,"2014-09-09 12:58:32","60","240","2014-09-09 16:58:34"
471,"2014-07-22_AA0024_r-058-06",13,0,58,6,"2014-09-17 19:12:47","60","240","2014-09-17 23:12:50"
472,"2014-09-24_AA0012_r-037-01",12,0,37,1,"2014-10-29 15:12:52","360","240","2014-10-30 15:11:57"
473,"2014-06-20_AA0013_r-070-06",8,0,70,6,"2014-08-28 18:37:39","60","240","2014-08-28 22:37:41"
474,"2014-07-13_AA0008_r-056-07",6,0,56,7,"2014-09-06 19:02:05","60","240","2014-09-06 23:02:08"
475,"2014-07-20_AA0011_r-067-04",7,0,67,4,"2014-09-24 09:02:13","60","240","2014-09-24 13:02:16"
476,"2014-08-06_AA0017_r-054-03",2,0,54,3,"2014-09-28 06:46:48","60","240","2014-09-28 10:46:50"
477,"2014-08-12_AA0028_r-073-04",1,0,73,4,"2014-10-23 09:42:56","60","240","2014-10-23 13:43:00"
478,"2014-07-20_AA0011_r-059-05",7,0,59,5,"2014-09-16 13:00:17","60","240","2014-09-16 17:00:19"
479,"2014-08-27_AA0027_r-053-06",5,0,53,6,"2014-10-18 18:28:19","60","240","2014-10-18 22:28:24"
480,"2014-08-06_AA0017_r-065-04",2,0,65,4,"2014-10-09 10:49:34","60","240","2014-10-09 14:49:37"
481,"2014-06-20_AA0013_r-101-05",8,0,101,5,"2014-09-28 12:31:38","60","240","2014-09-28 16:31:41"
482,"2014-07-13_AA0009_r-060-06",3,0,60,6,"2014-09-10 19:00:10","60","240","2014-09-10 23:00:13"
483,"2014-08-10_AA0025_r-050-02",10,0,50,2,"2014-09-28 12:42:21","60","240","2014-09-28 16:43:51"
484,"2014-08-27_AA0027_r-065-03",5,0,65,3,"2014-10-30 06:39:08","60","240","2014-10-30 10:39:09"
485,"2014-10-02_AA0007_r-010-01",15,0,10,1,"2014-10-10 09:45:34","360","240","2014-10-11 09:44:42"
486,"2014-07-16_AA0010_r-062-01",14,0,62,1,"2014-09-14 20:29:52","60","240","2014-09-15 00:29:55"
487,"2014-07-13_AA0008_r-079-05",6,0,79,5,"2014-09-29 12:26:00","60","240","2014-09-29 16:26:04"
488,"2014-07-13_AA0009_r-057-03",3,0,57,3,"2014-09-07 05:36:41","60","240","2014-09-07 09:36:44"
489,"2014-07-20_AA0011_r-049-04",7,0,49,4,"2014-09-06 08:57:45","60","240","2014-09-06 12:57:47"
490,"2014-06-20_AA0013_r-101-04",8,0,101,4,"2014-09-28 08:31:35","60","240","2014-09-28 12:31:38"
491,"2014-08-06_AA0017_r-055-03",2,0,55,3,"2014-09-29 06:47:03","60","240","2014-09-29 10:47:06"
492,"2014-08-21_AA0026_r-046-05",11,0,46,5,"2014-10-05 15:53:19","60","240","2014-10-05 19:53:23"
493,"2014-09-24_AA0012_r-050-01",12,0,50,1,"2014-11-11 22:10:22","60","240","2014-11-12 02:10:26"
494,"2014-07-13_AA0008_r-066-03",6,0,66,3,"2014-09-16 04:22:31","60","240","2014-09-16 08:22:34"
495,"2014-08-12_AA0028_r-061-03",1,0,61,3,"2014-10-11 05:32:03","60","240","2014-10-11 09:32:06"
496,"2014-07-16_AA0010_r-048-03",14,0,48,3,"2014-09-01 04:18:38","60","240","2014-09-01 08:18:43"
497,"2014-08-27_AA0027_r-030-01",5,0,30,1,"2014-09-24 13:54:01","60","240","2014-09-25 13:54:33"
498,"2014-08-27_AA0027_r-050-02",5,0,50,2,"2014-10-15 02:27:15","60","240","2014-10-15 06:27:18"
499,"2014-07-23_AA0012_r-051-03",9,0,51,3,"2014-09-11 07:54:01","60","240","2014-09-11 11:54:05"
500,"2014-08-21_AA0026_r-058-01",11,0,58,1,"2014-10-16 23:56:17","60","240","2014-10-17 03:56:19"
501,"2014-07-28_AA0014_r-071-06",4,0,71,6,"2014-10-06 19:40:10","60","240","2014-10-06 23:40:13"
502,"2014-07-23_AA0012_r-048-01",9,0,48,1,"2014-09-07 23:53:00","60","240","2014-09-08 03:53:03"
503,"2014-08-12_AA0028_r-073-03",1,0,73,3,"2014-10-23 05:42:52","60","240","2014-10-23 09:42:56"
504,"2014-07-22_AA0024_r-072-01",13,0,72,1,"2014-09-30 23:16:05","60","240","2014-10-01 03:16:08"
505,"2014-08-12_AA0028_r-058-05",1,0,58,5,"2014-10-08 13:31:17","60","240","2014-10-08 17:31:22"
506,"2014-08-12_AA0028_r-069-03",1,0,69,3,"2014-10-19 05:34:13","60","240","2014-10-19 09:34:18"
507,"2014-07-23_AA0012_r-043-04",9,0,43,4,"2014-09-03 11:51:37","60","240","2014-09-03 15:51:38"
508,"2014-07-20_AA0011_r-048-06",7,0,48,6,"2014-09-05 16:57:36","60","240","2014-09-05 20:57:38"
509,"2014-07-20_AA0011_r-027-01",7,0,27,1,"2014-08-11 16:13:23","360","0","2014-08-15 08:59:54"
510,"2014-07-16_AA0010_r-054-01",14,0,54,1,"2014-09-06 20:20:21","60","240","2014-09-07 00:20:26"
511,"2014-06-20_AA0013_r-057-02",8,0,57,2,"2014-08-15 10:34:55","360","240","2014-08-15 14:36:34"
512,"2014-07-28_AA0014_r-067-02",4,0,67,2,"2014-10-02 03:38:51","60","240","2014-10-02 07:38:53"
513,"2014-09-24_AA0012_r-042-04",12,0,42,4,"2014-11-04 10:08:30","60","240","2014-11-04 14:08:32"
514,"2014-08-27_AA0027_r-058-05",5,0,58,5,"2014-10-23 14:37:05","60","240","2014-10-23 18:37:10"
515,"2014-09-24_AA0012_r-049-06",12,0,49,6,"2014-11-11 18:10:20","60","240","2014-11-11 22:10:22"
516,"2014-07-28_AA0014_r-070-01",4,0,70,1,"2014-10-04 23:39:39","60","240","2014-10-05 03:39:41"
517,"2014-06-20_AA0013_r-083-05",8,0,83,5,"2014-09-10 12:26:59","60","240","2014-09-10 16:27:02"
518,"2014-08-27_AA0027_r-060-02",5,0,60,2,"2014-10-25 02:37:35","60","240","2014-10-25 06:37:35"
519,"2014-07-22_AA0024_r-066-04",13,0,66,4,"2014-09-25 11:14:40","60","240","2014-09-25 15:14:44"
520,"2014-07-20_AA0011_r-031-01",7,0,31,1,"2014-08-18 08:58:45","360","240","2014-08-19 08:57:50"
521,"2014-06-20_AA0013_r-096-01",8,0,96,1,"2014-09-22 20:30:10","60","240","2014-09-23 00:30:13"
522,"2014-07-28_AA0014_r-041-03",4,0,41,3,"2014-09-06 07:49:22","60","240","2014-09-06 11:49:24"
523,"2014-07-23_AA0012_r-051-05",9,0,51,5,"2014-09-11 15:54:07","60","240","2014-09-11 19:54:10"
524,"2014-06-20_AA0013_r-098-02",8,0,98,2,"2014-09-25 00:30:43","60","240","2014-09-25 04:30:46"
525,"2014-07-16_AA0010_r-061-03",14,0,61,3,"2014-09-14 04:22:35","60","240","2014-09-14 08:22:37"
526,"2014-08-27_AA0027_r-072-03",5,0,72,3,"2014-11-06 05:41:14","60","240","2014-11-06 09:41:18"
527,"2014-08-21_AA0026_r-052-02",11,0,52,2,"2014-10-11 03:54:46","60","240","2014-10-11 07:54:48"
528,"2014-06-20_AA0013_r-093-04",8,0,93,4,"2014-09-20 08:29:33","60","240","2014-09-20 12:29:34"
529,"2014-09-24_AA0012_r-044-06",12,0,44,6,"2014-11-06 18:09:04","60","240","2014-11-06 22:09:07"
530,"2014-06-20_AA0013_r-060-04",8,0,60,4,"2014-08-18 10:37:18","60","240","2014-08-18 14:37:21"
531,"2014-07-23_AA0012_r-056-06",9,0,56,6,"2014-09-16 19:55:45","60","240","2014-09-16 23:55:47"
532,"2014-08-27_AA0027_r-080-04",5,0,80,4,"2014-11-14 09:50:51","60","240","2014-11-14 13:50:51"
533,"2014-07-16_AA0010_r-041-02",14,0,41,2,"2014-08-25 08:17:47","60","240","2014-08-25 12:17:52"
534,"2014-06-20_AA0013_r-066-04",8,0,66,4,"2014-08-24 10:36:31","60","240","2014-08-24 14:36:33"
535,"2014-07-22_AA0024_r-057-04",13,0,57,4,"2014-09-16 11:12:27","60","240","2014-09-16 15:12:28"
536,"2014-06-20_AA0013_r-101-02",8,0,101,2,"2014-09-28 00:31:30","60","240","2014-09-28 04:31:33"
537,"2014-06-20_AA0013_r-059-04",8,0,59,4,"2014-08-17 10:37:03","60","240","2014-08-17 14:37:06"
538,"2014-07-28_AA0014_r-069-04",4,0,69,4,"2014-10-04 11:39:31","60","240","2014-10-04 15:39:31"
539,"2014-07-13_AA0008_r-064-05",6,0,64,5,"2014-09-14 12:16:15","60","240","2014-09-14 16:16:18"
540,"2014-08-12_AA0028_r-048-01",1,0,48,1,"2014-09-26 15:33:20","360","0","2014-09-28 13:27:08"
541,"2014-08-27_AA0027_r-052-06",5,0,52,6,"2014-10-17 18:28:00","60","240","2014-10-17 22:28:06"
542,"2014-08-12_AA0028_r-065-03",1,0,65,3,"2014-10-15 05:33:07","60","240","2014-10-15 09:33:10"
543,"2014-08-06_AA0017_r-070-06",2,0,70,6,"2014-10-14 18:50:52","60","240","2014-10-14 22:50:55"
544,"2014-08-10_AA0025_r-050-03",10,0,50,3,"2014-09-28 16:43:51","60","240","2014-09-28 20:43:54"
545,"2014-07-16_AA0010_r-060-05",14,0,60,5,"2014-09-13 12:22:24","60","240","2014-09-13 16:22:25"
546,"2014-07-28_AA0014_r-086-05",4,0,86,5,"2014-10-21 12:04:32","60","240","2014-10-21 16:04:32"
547,"2014-07-13_AA0008_r-074-03",6,0,74,3,"2014-09-24 04:24:36","60","240","2014-09-24 08:24:39"
548,"2014-07-13_AA0009_r-065-06",3,0,65,6,"2014-09-15 19:08:36","60","240","2014-09-15 23:08:39"
549,"2014-07-13_AA0008_r-069-02",6,0,69,2,"2014-09-19 00:23:16","60","240","2014-09-19 04:23:18"
550,"2014-08-06_AA0017_r-053-01",2,0,53,1,"2014-09-26 22:46:28","60","240","2014-09-27 02:46:31"
551,"2014-09-24_AA0012_r-052-03",12,0,52,3,"2014-11-14 06:10:58","60","240","2014-11-14 10:11:00"
552,"2014-07-23_AA0012_r-058-03",9,0,58,3,"2014-09-18 07:56:13","60","240","2014-09-18 11:56:19"
553,"2014-08-21_AA0026_r-041-01",11,0,41,1,"2014-09-30 07:39:00","60","0","2014-09-30 11:43:30"
554,"2014-08-06_AA0017_r-074-01",2,0,74,1,"2014-10-17 22:51:39","60","240","2014-10-18 02:51:41"
555,"2014-07-20_AA0011_r-059-06",7,0,59,6,"2014-09-16 17:00:19","60","240","2014-09-16 21:00:22"
556,"2014-07-22_AA0024_r-060-01",13,0,60,1,"2014-09-18 23:13:04","60","240","2014-09-19 03:13:06"
557,"2014-07-20_AA0011_r-056-01",7,0,56,1,"2014-09-12 20:59:22","60","240","2014-09-13 00:59:24"
558,"2014-07-23_AA0012_r-057-05",9,0,57,5,"2014-09-17 15:56:00","60","240","2014-09-17 19:56:04"
559,"2014-08-27_AA0027_r-050-04",5,0,50,4,"2014-10-15 10:27:18","60","240","2014-10-15 14:27:24"
560,"2014-08-21_AA0026_r-044-05",11,0,44,5,"2014-10-03 15:52:48","60","240","2014-10-03 19:52:50"
561,"2014-07-13_AA0009_r-052-03",3,0,52,3,"2014-09-02 05:35:18","60","240","2014-09-02 09:35:19"
562,"2014-08-12_AA0028_r-051-04",1,0,51,4,"2014-10-01 09:29:19","60","240","2014-10-01 13:29:24"
563,"2014-06-20_AA0013_r-069-02",8,0,69,2,"2014-08-27 02:37:13","60","240","2014-08-27 06:37:16"
564,"2014-07-23_AA0012_r-047-05",9,0,47,5,"2014-09-07 15:52:54","60","240","2014-09-07 19:52:57"
565,"2014-08-21_AA0026_r-042-02",11,0,42,2,"2014-10-01 03:45:05","60","240","2014-10-01 07:45:07"
566,"2014-07-20_AA0011_r-055-04",7,0,55,4,"2014-09-12 08:59:14","60","240","2014-09-12 12:59:17"
567,"2014-08-06_AA0017_r-059-02",2,0,59,2,"2014-10-03 02:48:00","60","240","2014-10-03 06:48:02"
568,"2014-08-10_AA0025_r-060-04",10,0,60,4,"2014-10-08 08:46:30","60","240","2014-10-08 12:46:32"
569,"2014-08-21_AA0026_r-047-04",11,0,47,4,"2014-10-06 11:53:33","60","240","2014-10-06 15:53:37"
570,"2014-07-20_AA0011_r-057-01",7,0,57,1,"2014-09-13 20:59:37","60","240","2014-09-14 00:59:40"
571,"2014-07-13_AA0008_r-069-03",6,0,69,3,"2014-09-19 04:23:18","60","240","2014-09-19 08:23:21"
572,"2014-07-13_AA0008_r-071-03",6,0,71,3,"2014-09-21 04:23:49","60","240","2014-09-21 08:23:52"
573,"2014-07-20_AA0011_r-044-04",7,0,44,4,"2014-09-01 08:49:25","60","240","2014-09-01 12:49:28"
574,"2014-08-06_AA0017_r-061-02",2,0,61,2,"2014-10-05 02:48:29","60","240","2014-10-05 06:48:32"
575,"2014-07-22_AA0024_r-069-01",13,0,69,1,"2014-09-27 23:15:20","60","240","2014-09-28 03:15:23"
576,"2014-07-23_AA0012_r-052-05",9,0,52,5,"2014-09-12 15:54:25","60","240","2014-09-12 19:54:31"
577,"2014-08-21_AA0026_r-042-05",11,0,42,5,"2014-10-01 15:45:12","60","240","2014-10-01 19:45:15"
578,"2014-07-16_AA0010_r-065-02",14,0,65,2,"2014-09-18 00:30:52","60","240","2014-09-18 04:30:53"
579,"2014-08-10_AA0025_r-051-06",10,0,51,6,"2014-09-29 16:44:09","60","240","2014-09-29 20:44:11"
580,"2014-07-16_AA0010_r-042-05",14,0,42,5,"2014-08-26 12:18:08","60","240","2014-08-26 16:18:11"
581,"2014-07-13_AA0008_r-042-06",6,0,42,6,"2014-08-23 17:52:00","60","240","2014-08-23 21:52:02"
582,"2014-08-27_AA0027_r-042-04",5,0,42,4,"2014-10-07 09:44:54","60","240","2014-10-07 13:44:55"
583,"2014-07-16_AA0010_r-060-01",14,0,60,1,"2014-09-12 20:22:10","60","240","2014-09-13 00:22:15"
584,"2014-09-24_AA0012_r-011-01",12,0,11,1,"2014-10-03 15:29:37","360","240","2014-10-04 15:28:42"
585,"2014-08-06_AA0017_r-059-01",2,0,59,1,"2014-10-02 22:47:57","60","240","2014-10-03 02:48:00"
586,"2014-08-06_AA0017_r-069-04",2,0,69,4,"2014-10-13 10:50:33","60","240","2014-10-13 14:50:36"
587,"2014-07-13_AA0008_r-078-05",6,0,78,5,"2014-09-28 12:25:44","60","240","2014-09-28 16:25:47"
588,"2014-08-12_AA0028_r-061-05",1,0,61,5,"2014-10-11 13:32:09","60","240","2014-10-11 17:32:09"
589,"2014-07-16_AA0010_r-055-04",14,0,55,4,"2014-09-08 08:20:48","60","240","2014-09-08 12:20:51"
590,"2014-08-27_AA0027_r-048-05",5,0,48,5,"2014-10-13 13:53:53","60","240","2014-10-13 17:53:58"
591,"2014-07-20_AA0011_r-061-06",7,0,61,6,"2014-09-18 17:00:49","60","240","2014-09-18 21:00:51"
592,"2014-08-27_AA0027_r-065-02",5,0,65,2,"2014-10-30 02:39:03","60","240","2014-10-30 06:39:08"
593,"2014-08-12_AA0028_r-053-01",1,0,53,1,"2014-10-02 21:29:44","60","240","2014-10-03 01:29:46"
594,"2014-07-20_AA0011_r-058-04",7,0,58,4,"2014-09-15 08:59:59","60","240","2014-09-15 13:00:02"
595,"2014-07-16_AA0010_r-054-06",14,0,54,6,"2014-09-07 16:20:36","60","240","2014-09-07 20:20:39"
596,"2014-09-24_AA0012_r-053-05",12,0,53,5,"2014-11-15 14:11:18","60","240","2014-11-15 18:11:21"
597,"2014-08-27_AA0027_r-064-05",5,0,64,5,"2014-10-29 14:38:56","60","240","2014-10-29 18:38:59"
598,"2014-06-20_AA0013_r-057-03",8,0,57,3,"2014-08-15 14:36:34","60","240","2014-08-15 18:36:37"
599,"2014-07-28_AA0014_r-036-01",4,0,36,1,"2014-08-31 11:49:49","60","240","2014-09-01 11:50:22"
600,"2014-08-21_AA0026_r-052-05",11,0,52,5,"2014-10-11 15:54:54","60","240","2014-10-11 19:54:56"
601,"2014-07-20_AA0011_r-042-04",7,0,42,4,"2014-08-30 08:48:55","60","240","2014-08-30 12:48:57"
602,"2014-09-24_AA0012_r-044-01",12,0,44,1,"2014-11-05 22:08:52","60","240","2014-11-06 02:08:55"
603,"2014-07-13_AA0009_r-057-06",3,0,57,6,"2014-09-07 10:59:13","60","240","2014-09-07 14:59:17"
604,"2014-07-20_AA0011_r-051-05",7,0,51,5,"2014-09-08 12:58:17","60","240","2014-09-08 16:58:20"
605,"2014-07-23_AA0012_r-043-01",9,0,43,1,"2014-09-02 23:51:25","60","240","2014-09-03 03:51:29"
606,"2014-07-23_AA0012_r-052-03",9,0,52,3,"2014-09-12 07:54:20","60","240","2014-09-12 11:54:23"
607,"2014-08-06_AA0017_r-060-06",2,0,60,6,"2014-10-04 18:48:25","60","240","2014-10-04 22:48:27"
608,"2014-07-13_AA0009_r-064-03",3,0,64,3,"2014-09-14 07:01:06","60","240","2014-09-14 11:01:10"
609,"2014-08-06_AA0017_r-064-06",2,0,64,6,"2014-10-08 18:49:24","60","240","2014-10-08 22:49:26"
610,"2014-07-28_AA0014_r-085-05",4,0,85,5,"2014-10-20 12:04:13","60","240","2014-10-20 16:04:16"
611,"2014-06-20_AA0013_r-102-04",8,0,102,4,"2014-09-29 08:31:51","60","240","2014-09-29 12:31:53"
612,"2014-07-22_AA0024_r-056-03",13,0,56,3,"2014-09-15 15:12:16","60","240","2014-09-15 19:12:19"
613,"2014-08-06_AA0017_r-055-05",2,0,55,5,"2014-09-29 14:47:08","60","240","2014-09-29 18:47:11"
614,"2014-07-20_AA0011_r-054-03",7,0,54,3,"2014-09-11 04:58:57","60","240","2014-09-11 08:59:00"
615,"2014-07-28_AA0014_r-068-01",4,0,68,1,"2014-10-02 23:39:05","60","240","2014-10-03 03:39:08"
616,"2014-09-24_AA0012_r-010-01",12,0,10,1,"2014-10-02 15:30:32","360","240","2014-10-03 15:29:37"
617,"2014-07-13_AA0008_r-048-05",6,0,48,5,"2014-08-29 11:49:56","60","240","2014-08-29 15:49:59"
618,"2014-07-13_AA0009_r-047-01",3,0,47,1,"2014-08-19 09:14:13","3435","0","2014-08-28 15:36:59"
619,"2014-07-13_AA0008_r-048-02",6,0,48,2,"2014-08-29 02:21:36","60","240","2014-08-29 06:21:39"
620,"2014-08-27_AA0027_r-070-03",5,0,70,3,"2014-11-04 05:40:40","60","240","2014-11-04 09:40:41"
621,"2014-08-27_AA0027_r-052-04",5,0,52,4,"2014-10-17 10:27:57","60","240","2014-10-17 14:28:00"
622,"2014-08-27_AA0027_r-043-04",5,0,43,4,"2014-10-08 09:52:19","60","240","2014-10-08 13:52:25"
623,"2014-08-27_AA0027_r-049-11",5,0,49,11,"2014-10-14 14:19:52","60","240","2014-10-14 14:24:06"
624,"2014-08-12_AA0028_r-052-03",1,0,52,3,"2014-10-02 05:29:33","60","240","2014-10-02 09:29:38"
625,"2014-06-30_AA0003_r-084-01",23,0,84,1,"2014-09-18 17:54:17","60","0","2014-09-21 21:13:45"
626,"2014-07-13_AA0008_r-071-04",6,0,71,4,"2014-09-21 08:23:52","60","240","2014-09-21 12:23:55"
627,"2014-06-20_AA0013_r-076-04",8,0,76,4,"2014-09-03 10:39:07","60","240","2014-09-03 14:39:10"
628,"2014-07-13_AA0009_r-065-03",3,0,65,3,"2014-09-15 07:08:28","60","240","2014-09-15 11:08:33"
629,"2014-07-28_AA0014_r-064-02",4,0,64,2,"2014-09-29 03:38:01","60","240","2014-09-29 07:38:03"
630,"2014-08-06_AA0017_r-068-02",2,0,68,2,"2014-10-12 02:50:13","60","240","2014-10-12 06:50:16"
631,"2014-10-02_AA0007_r-003-01",15,0,3,1,"2014-10-03 09:51:58","360","240","2014-10-04 09:51:01"
632,"2014-08-06_AA0017_r-053-04",2,0,53,4,"2014-09-27 10:46:36","60","240","2014-09-27 14:46:39"
633,"2014-06-20_AA0013_r-081-06",8,0,81,6,"2014-09-08 16:26:31","60","240","2014-09-08 20:26:34"
634,"2014-08-10_AA0025_r-062-04",10,0,62,4,"2014-10-10 08:47:01","60","240","2014-10-10 12:47:04"
635,"2014-08-27_AA0027_r-080-05",5,0,80,5,"2014-11-14 13:50:51","60","240","2014-11-14 17:50:54"
636,"2014-07-13_AA0008_r-058-04",6,0,58,4,"2014-09-08 08:08:48","60","240","2014-09-08 12:08:51"
637,"2014-09-24_AA0012_r-051-01",12,0,51,1,"2014-11-12 22:10:38","60","240","2014-11-13 02:10:40"
638,"2014-07-13_AA0009_r-058-03",3,0,58,3,"2014-09-08 06:59:27","60","240","2014-09-08 10:59:31"
639,"2014-07-28_AA0014_r-076-05",4,0,76,5,"2014-10-11 15:47:23","60","240","2014-10-11 19:47:26"
640,"2014-08-10_AA0025_r-061-01",10,0,61,1,"2014-10-08 20:46:37","60","240","2014-10-09 00:46:40"
641,"2014-07-13_AA0008_r-072-05",6,0,72,5,"2014-09-22 12:24:11","60","240","2014-09-22 16:24:13"
642,"2014-07-16_AA0010_r-050-06",14,0,50,6,"2014-09-03 16:19:23","60","240","2014-09-03 20:19:27"
643,"2014-07-13_AA0008_r-068-05",6,0,68,5,"2014-09-18 12:23:08","60","240","2014-09-18 16:23:11"
644,"2014-07-13_AA0008_r-080-02",6,0,80,2,"2014-09-30 00:26:10","60","240","2014-09-30 04:26:12"
645,"2014-08-27_AA0027_r-053-02",5,0,53,2,"2014-10-18 02:28:07","60","240","2014-10-18 06:28:09"
646,"2014-07-20_AA0011_r-043-02",7,0,43,2,"2014-08-31 00:49:05","60","240","2014-08-31 04:49:07"
647,"2014-07-28_AA0014_r-075-02",4,0,75,2,"2014-10-10 03:45:31","60","240","2014-10-10 07:47:01"
648,"2014-07-16_AA0010_r-043-03",14,0,43,3,"2014-08-27 04:18:20","60","240","2014-08-27 08:18:25"
649,"2014-08-27_AA0027_r-073-05",5,0,73,5,"2014-11-07 13:41:38","60","240","2014-11-07 17:41:41"
650,"2014-07-31_AA0002_r-049-01",24,0,49,1,"2014-09-03 13:30:02","360","0","2014-09-17 14:35:32"
651,"2014-08-10_AA0025_r-061-04",10,0,61,4,"2014-10-09 08:46:46","60","240","2014-10-09 12:46:49"
652,"2014-08-10_AA0025_r-055-02",10,0,55,2,"2014-10-03 00:45:03","60","240","2014-10-03 04:45:06"
653,"2014-07-22_AA0024_r-067-04",13,0,67,4,"2014-09-26 11:14:56","60","240","2014-09-26 15:14:57"
654,"2014-07-13_AA0009_r-053-01",3,0,53,1,"2014-09-02 21:35:29","60","240","2014-09-03 01:35:32"
655,"2014-08-27_AA0027_r-048-01",5,0,48,1,"2014-10-12 21:53:43","60","240","2014-10-13 01:53:44"
656,"2014-07-16_AA0010_r-057-03",14,0,57,3,"2014-09-10 04:21:24","60","240","2014-09-10 08:21:25"
657,"2014-07-28_AA0014_r-065-06",4,0,65,6,"2014-09-30 19:38:29","60","240","2014-09-30 23:38:32"
658,"2014-07-28_AA0014_r-078-05",4,0,78,5,"2014-10-13 15:47:56","60","240","2014-10-13 19:47:58"
659,"2014-06-20_AA0013_r-094-02",8,0,94,2,"2014-09-21 00:29:42","60","240","2014-09-21 04:29:44"
660,"2014-08-27_AA0027_r-077-01",5,0,77,1,"2014-11-10 21:49:47","60","240","2014-11-11 01:49:47"
661,"2014-07-28_AA0014_r-040-03",4,0,40,3,"2014-09-05 07:49:05","60","240","2014-09-05 11:49:08"
662,"2014-07-23_AA0012_r-032-01",9,0,32,1,"2014-08-22 12:00:03","360","240","2014-08-23 11:59:06"
663,"2014-08-10_AA0025_r-057-02",10,0,57,2,"2014-10-05 00:45:36","60","240","2014-10-05 04:45:38"
664,"2014-08-21_AA0026_r-043-03",11,0,43,3,"2014-10-02 07:45:23","60","240","2014-10-02 11:45:25"
665,"2014-07-20_AA0011_r-048-05",7,0,48,5,"2014-09-05 12:57:34","60","240","2014-09-05 16:57:36"
666,"2014-10-02_AA0007_r-012-01",15,0,12,1,"2014-10-12 09:43:44","360","240","2014-10-13 09:42:50"
667,"2014-08-12_AA0028_r-058-03",1,0,58,3,"2014-10-08 05:31:14","60","240","2014-10-08 09:31:14"
668,"2014-07-22_AA0024_r-045-02",13,0,45,2,"2014-09-04 02:00:34","60","240","2014-09-04 06:00:37"
669,"2014-07-20_AA0011_r-041-03",7,0,41,3,"2014-08-29 12:48:42","60","240","2014-08-29 16:48:44"
670,"2014-07-16_AA0010_r-038-01",14,0,38,1,"2014-08-21 08:21:30","360","240","2014-08-22 08:20:39"
671,"2014-07-16_AA0010_r-057-05",14,0,57,5,"2014-09-10 12:21:27","60","240","2014-09-10 16:21:33"
672,"2014-07-20_AA0011_r-043-03",7,0,43,3,"2014-08-31 04:49:07","60","240","2014-08-31 08:49:10"
673,"2014-10-02_AA0007_r-006-01",15,0,6,1,"2014-10-06 09:49:12","360","240","2014-10-07 09:48:20"
674,"2014-07-23_AA0012_r-061-04",9,0,61,4,"2014-09-21 11:57:11","60","240","2014-09-21 15:57:13"
675,"2014-08-12_AA0028_r-065-04",1,0,65,4,"2014-10-15 09:33:10","60","240","2014-10-15 13:33:12"
676,"2014-07-16_AA0010_r-037-01",14,0,37,1,"2014-08-20 08:22:28","360","240","2014-08-21 08:21:30"
677,"2014-07-13_AA0008_r-047-03",6,0,47,3,"2014-08-28 04:07:26","60","240","2014-08-28 08:07:29"
678,"2014-08-10_AA0025_r-068-03",10,0,68,3,"2014-10-16 04:48:42","60","240","2014-10-16 08:48:44"
679,"2014-07-20_AA0011_r-064-03",7,0,64,3,"2014-09-21 05:01:26","60","240","2014-09-21 09:01:29"
680,"2014-07-20_AA0011_r-062-03",7,0,62,3,"2014-09-19 05:00:57","60","240","2014-09-19 09:00:59"
681,"2014-09-24_AA0012_r-045-03",12,0,45,3,"2014-11-07 06:09:12","60","240","2014-11-07 10:09:14"
682,"2014-09-24_AA0012_r-039-01",12,0,39,1,"2014-10-31 15:11:02","360","240","2014-11-01 15:10:07"
683,"2014-08-21_AA0026_r-042-03",11,0,42,3,"2014-10-01 07:45:07","60","240","2014-10-01 11:45:10"
684,"2014-07-22_AA0024_r-065-04",13,0,65,4,"2014-09-24 11:14:28","60","240","2014-09-24 15:14:30"
685,"2014-07-28_AA0014_r-068-05",4,0,68,5,"2014-10-03 15:39:16","60","240","2014-10-03 19:39:19"
686,"2014-08-06_AA0017_r-054-02",2,0,54,2,"2014-09-28 02:46:46","60","240","2014-09-28 06:46:48"
687,"2014-08-27_AA0027_r-074-06",5,0,74,6,"2014-11-08 17:42:02","60","240","2014-11-08 21:42:03"
688,"2014-08-21_AA0026_r-044-02",11,0,44,2,"2014-10-03 03:52:40","60","240","2014-10-03 07:52:43"
689,"2014-08-27_AA0027_r-048-03",5,0,48,3,"2014-10-13 05:53:49","60","240","2014-10-13 09:53:52"
690,"2014-08-21_AA0026_r-050-05",11,0,50,5,"2014-10-09 15:54:22","60","240","2014-10-09 19:54:24"
691,"2014-08-06_AA0017_r-063-06",2,0,63,6,"2014-10-07 18:49:09","60","240","2014-10-07 22:49:11"
692,"2014-07-28_AA0014_r-079-06",4,0,79,6,"2014-10-14 19:48:17","60","240","2014-10-14 23:48:19"
693,"2014-07-13_AA0009_r-066-02",3,0,66,2,"2014-09-16 03:08:41","60","240","2014-09-16 07:08:45"
694,"2014-07-20_AA0011_r-068-04",7,0,68,4,"2014-09-25 09:02:29","60","240","2014-09-25 13:02:30"
695,"2014-08-06_AA0017_r-060-05",2,0,60,5,"2014-10-04 14:48:22","60","240","2014-10-04 18:48:25"
696,"2014-08-10_AA0025_r-063-05",10,0,63,5,"2014-10-11 12:47:23","60","240","2014-10-11 16:47:26"
697,"2014-07-22_AA0024_r-067-05",13,0,67,5,"2014-09-26 15:14:57","60","240","2014-09-26 19:14:59"
698,"2014-07-13_AA0008_r-066-05",6,0,66,5,"2014-09-16 12:22:36","60","240","2014-09-16 16:22:39"
699,"2014-07-16_AA0010_r-055-03",14,0,55,3,"2014-09-08 04:20:45","60","240","2014-09-08 08:20:48"
700,"2014-07-13_AA0009_r-067-04",3,0,67,4,"2014-09-17 11:53:49","60","0","2014-09-17 13:31:22"
701,"2014-07-13_AA0009_r-063-01",3,0,63,1,"2014-09-12 23:00:46","60","240","2014-09-13 03:00:46"
702,"2014-07-20_AA0011_r-047-02",7,0,47,2,"2014-09-04 00:57:10","60","240","2014-09-04 04:57:12"
703,"2014-07-28_AA0014_r-064-01",4,0,64,1,"2014-09-28 23:37:57","60","240","2014-09-29 03:38:01"
704,"2014-07-23_AA0012_r-045-06",9,0,45,6,"2014-09-05 19:52:21","60","240","2014-09-05 23:52:22"
705,"2014-06-20_AA0013_r-097-02",8,0,97,2,"2014-09-24 00:30:29","60","240","2014-09-24 04:30:30"
706,"2014-08-21_AA0026_r-048-06",11,0,48,6,"2014-10-07 19:53:53","60","240","2014-10-07 23:53:56"
707,"2014-07-22_AA0024_r-060-03",13,0,60,3,"2014-09-19 07:13:11","60","240","2014-09-19 11:13:14"
708,"2014-06-20_AA0013_r-089-01",8,0,89,1,"2014-09-15 20:28:22","60","240","2014-09-16 00:28:25"
709,"2014-07-22_AA0024_r-063-03",13,0,63,3,"2014-09-22 07:13:55","60","240","2014-09-22 11:13:57"
710,"2014-08-10_AA0025_r-054-02",10,0,54,2,"2014-10-02 00:44:47","60","240","2014-10-02 04:44:50"
711,"2014-09-24_AA0012_r-048-04",12,0,48,4,"2014-11-10 10:10:00","60","240","2014-11-10 14:10:03"
712,"2014-08-21_AA0026_r-051-01",11,0,51,1,"2014-10-09 23:54:27","60","240","2014-10-10 03:54:30"
713,"2014-07-13_AA0008_r-054-06",6,0,54,6,"2014-09-04 16:24:12","60","240","2014-09-04 20:24:15"
714,"2014-08-21_AA0026_r-043-05",11,0,43,5,"2014-10-02 15:45:28","60","240","2014-10-02 19:49:46"
715,"2014-08-12_AA0028_r-059-03",1,0,59,3,"2014-10-09 05:31:28","60","240","2014-10-09 09:31:33"
716,"2014-08-27_AA0027_r-056-06",5,0,56,6,"2014-10-21 18:36:31","60","240","2014-10-21 22:36:37"
717,"2014-07-22_AA0024_r-046-03",13,0,46,3,"2014-09-05 07:20:04","60","240","2014-09-05 11:20:06"
718,"2014-06-20_AA0013_r-067-02",8,0,67,2,"2014-08-25 02:36:42","60","240","2014-08-25 06:36:45"
719,"2014-07-20_AA0011_r-042-02",7,0,42,2,"2014-08-30 00:48:50","60","240","2014-08-30 04:48:52"
720,"2014-08-10_AA0025_r-062-05",10,0,62,5,"2014-10-10 12:47:04","60","240","2014-10-10 16:47:08"
721,"2014-07-16_AA0010_r-059-02",14,0,59,2,"2014-09-12 00:21:55","60","240","2014-09-12 04:21:58"
722,"2014-08-10_AA0025_r-069-01",10,0,69,1,"2014-10-16 20:48:52","60","240","2014-10-17 00:48:57"
723,"2014-07-16_AA0010_r-069-06",14,0,69,6,"2014-09-22 16:32:16","60","240","2014-09-22 20:32:19"
724,"2014-08-06_AA0017_r-075-03",2,0,75,3,"2014-10-19 06:51:59","60","240","2014-10-19 10:52:02"
725,"2014-07-20_AA0011_r-066-02",7,0,66,2,"2014-09-23 01:01:53","60","240","2014-09-23 05:01:55"
726,"2014-08-06_AA0017_r-064-01",2,0,64,1,"2014-10-07 22:49:11","60","240","2014-10-08 02:49:14"
727,"2014-07-13_AA0009_r-060-05",3,0,60,5,"2014-09-10 15:00:05","60","240","2014-09-10 19:00:10"
728,"2014-07-22_AA0024_r-050-01",13,0,50,1,"2014-09-08 11:18:35","360","240","2014-09-09 11:17:38"
729,"2014-07-16_AA0010_r-052-06",14,0,52,6,"2014-09-05 16:20:02","60","240","2014-09-05 20:20:03"
730,"2014-07-23_AA0012_r-042-04",9,0,42,4,"2014-09-02 11:51:16","60","240","2014-09-02 15:51:21"
731,"2014-07-13_AA0008_r-064-04",6,0,64,4,"2014-09-14 08:16:12","60","240","2014-09-14 12:16:15"
732,"2014-08-06_AA0017_r-054-06",2,0,54,6,"2014-09-28 18:46:56","60","240","2014-09-28 22:46:58"
733,"2014-07-13_AA0008_r-076-05",6,0,76,5,"2014-09-26 12:25:14","60","240","2014-09-26 16:25:16"
734,"2014-07-16_AA0010_r-058-01",14,0,58,1,"2014-09-10 20:21:34","60","240","2014-09-11 00:21:37"
735,"2014-07-20_AA0011_r-047-05",7,0,47,5,"2014-09-04 12:57:18","60","240","2014-09-04 16:57:20"
736,"2014-07-13_AA0008_r-070-06",6,0,70,6,"2014-09-20 16:23:42","60","240","2014-09-20 20:23:44"
737,"2014-08-27_AA0027_r-041-01",5,0,41,1,"2014-10-05 13:45:34","360","240","2014-10-06 13:44:38"
738,"2014-08-27_AA0027_r-078-06",5,0,78,6,"2014-11-12 17:50:20","60","240","2014-11-12 21:50:21"
739,"2014-07-16_AA0010_r-048-04",14,0,48,4,"2014-09-01 08:18:43","60","240","2014-09-01 12:18:43"
740,"2014-08-06_AA0017_r-063-05",2,0,63,5,"2014-10-07 14:49:07","60","240","2014-10-07 18:49:09"
741,"2014-07-20_AA0011_r-032-01",7,0,32,1,"2014-08-19 08:57:50","360","240","2014-08-20 08:56:55"
742,"2014-07-16_AA0010_r-070-02",14,0,70,2,"2014-09-23 00:32:23","60","240","2014-09-23 04:32:25"
743,"2014-08-27_AA0027_r-069-02",5,0,69,2,"2014-11-03 01:40:19","60","240","2014-11-03 05:40:19"
744,"2014-07-28_AA0014_r-039-05",4,0,39,5,"2014-09-04 15:48:55","60","240","2014-09-04 19:48:57"
745,"2014-07-16_AA0010_r-043-06",14,0,43,6,"2014-08-27 16:18:29","60","240","2014-08-27 20:18:33"
746,"2014-07-28_AA0014_r-059-06",4,0,59,6,"2014-09-24 19:36:48","60","240","2014-09-24 23:36:49"
747,"2014-09-24_AA0012_r-042-01",12,0,42,1,"2014-11-03 22:08:22","60","240","2014-11-04 02:08:25"
748,"2014-07-28_AA0014_r-075-04",4,0,75,4,"2014-10-10 11:47:04","60","240","2014-10-10 15:47:06"
749,"2014-07-13_AA0008_r-037-01",6,0,37,1,"2014-08-17 09:47:50","360","240","2014-08-18 09:46:55"
750,"2014-08-21_AA0026_r-055-04",11,0,55,4,"2014-10-14 11:55:38","60","240","2014-10-14 15:55:41"
751,"2014-06-20_AA0013_r-060-02",8,0,60,2,"2014-08-18 02:37:13","60","240","2014-08-18 06:37:16"
752,"2014-07-13_AA0008_r-053-04",6,0,53,4,"2014-09-03 08:23:51","60","240","2014-09-03 12:23:53"
753,"2014-07-22_AA0024_r-060-04",13,0,60,4,"2014-09-19 11:13:14","60","240","2014-09-19 15:13:16"
754,"2014-07-13_AA0009_r-052-05",3,0,52,5,"2014-09-02 13:35:21","60","240","2014-09-02 17:35:26"
755,"2014-07-13_AA0008_r-041-01",6,0,41,1,"2014-08-21 22:36:38","60","240","2014-08-22 02:36:38"
756,"2014-08-06_AA0017_r-073-05",2,0,73,5,"2014-10-17 14:51:35","60","240","2014-10-17 18:51:37"
757,"2014-07-08_AA0004_r-129-04",18,0,129,4,"2014-11-13 20:21:08","60","4","2014-11-13 20:25:10"
758,"2014-08-10_AA0025_r-060-01",10,0,60,1,"2014-10-07 20:46:19","60","240","2014-10-08 00:46:25"
759,"2014-07-22_AA0024_r-046-04",13,0,46,4,"2014-09-05 11:20:06","60","240","2014-09-05 15:20:09"
760,"2014-07-20_AA0011_r-052-01",7,0,52,1,"2014-09-08 20:58:23","60","240","2014-09-09 00:58:25"
761,"2014-07-23_AA0012_r-041-04",9,0,41,4,"2014-09-01 19:51:05","60","240","2014-09-01 23:51:07"
762,"2014-08-27_AA0027_r-084-04",5,0,84,4,"2014-11-18 09:52:02","60","240","2014-11-18 13:52:08"
763,"2014-08-27_AA0027_r-084-03",5,0,84,3,"2014-11-18 05:52:01","60","240","2014-11-18 09:52:02"
764,"2014-09-24_AA0012_r-056-04",12,0,56,4,"2014-11-18 10:12:01","60","240","2014-11-18 14:12:03"
765,"2014-09-24_AA0012_r-056-03",12,0,56,3,"2014-11-18 06:11:58","60","240","2014-11-18 10:12:01"
766,"2014-08-27_AA0027_r-085-02",5,0,85,2,"2014-11-19 01:52:15","60","240","2014-11-19 05:52:20"
767,"2014-08-27_AA0027_r-085-01",5,0,85,1,"2014-11-18 21:52:14","60","240","2014-11-19 01:52:15"
768,"2014-09-24_AA0012_r-056-06",12,0,56,6,"2014-11-18 18:12:06","60","240","2014-11-18 22:12:09"
769,"2014-08-27_AA0027_r-085-05",5,0,85,5,"2014-11-19 13:52:27","60","240","2014-11-19 17:52:27"
770,"2014-08-27_AA0027_r-085-04",5,0,85,4,"2014-11-19 09:52:21","60","240","2014-11-19 13:52:27"
771,"2014-09-24_AA0012_r-057-04",12,0,57,4,"2014-11-19 10:12:17","60","240","2014-11-19 14:12:20"
772,"2014-09-24_AA0012_r-057-05",12,0,57,5,"2014-11-19 14:12:20","60","240","2014-11-19 18:12:23"
773,"2014-08-27_AA0027_r-084-05",5,0,84,5,"2014-11-18 13:52:08","60","240","2014-11-18 17:52:08"
774,"2014-09-24_AA0012_r-057-01",12,0,57,1,"2014-11-18 22:12:09","60","240","2014-11-19 02:12:12"
775,"2014-09-24_AA0012_r-057-02",12,0,57,2,"2014-11-19 02:12:12","60","240","2014-11-19 06:12:15"
776,"2014-09-24_AA0012_r-057-03",12,0,57,3,"2014-11-19 06:12:15","60","240","2014-11-19 10:12:17"
777,"2014-08-27_AA0027_r-084-06",5,0,84,6,"2014-11-18 17:52:08","60","240","2014-11-18 21:52:14"
778,"2014-07-08_AA0004_r-135-01",18,0,135,1,"2014-11-18 16:18:47","360","240","2014-11-19 16:17:53"
779,"2014-08-27_AA0027_r-085-03",5,0,85,3,"2014-11-19 05:52:20","60","240","2014-11-19 09:52:21"
780,"2014-09-24_AA0012_r-056-05",12,0,56,5,"2014-11-18 14:12:03","60","240","2014-11-18 18:12:06"
781,"2014-07-08_AA0004_r-134-01",18,0,134,1,"2014-11-17 16:19:42","360","240","2014-11-18 16:18:47"
782,"2014-08-27_AA0027_r-085-06",5,0,85,6,"2014-11-19 17:52:27","60","240","2014-11-19 21:52:33"
783,"2014-09-24_AA0012_r-057-06",12,0,57,6,"2014-11-19 18:12:23","60","240","2014-11-19 22:12:25"
784,"2014-08-27_AA0027_r-086-01",5,0,86,1,"2014-11-19 21:52:33","60","240","2014-11-20 01:52:34"
785,"2014-09-24_AA0012_r-058-01",12,0,58,1,"2014-11-19 22:12:25","60","240","2014-11-20 02:12:28"
786,"2014-08-27_AA0027_r-086-02",5,0,86,2,"2014-11-20 01:52:34","60","240","2014-11-20 05:52:40"
787,"2014-09-24_AA0012_r-058-02",12,0,58,2,"2014-11-20 02:12:28","60","240","2014-11-20 06:12:30"
788,"2014-08-27_AA0027_r-086-03",5,0,86,3,"2014-11-20 05:52:40","60","240","2014-11-20 09:52:40"
789,"2014-09-24_AA0012_r-058-03",12,0,58,3,"2014-11-20 06:12:30","60","240","2014-11-20 10:12:32"
790,"2014-08-27_AA0027_r-086-04",5,0,86,4,"2014-11-20 09:52:40","60","240","2014-11-20 13:52:46"
791,"2014-09-24_AA0012_r-058-04",12,0,58,4,"2014-11-20 10:12:32","60","240","2014-11-20 14:12:35"
792,"2014-08-27_AA0027_r-086-05",5,0,86,5,"2014-11-20 13:52:46","60","240","2014-11-20 17:52:49"
793,"2014-09-24_AA0012_r-058-05",12,0,58,5,"2014-11-20 14:12:35","60","240","2014-11-20 18:12:38"
794,"2014-07-08_AA0004_r-136-01",18,0,136,1,"2014-11-19 16:17:53","360","240","2014-11-20 16:16:58"
795,"2014-08-27_AA0027_r-086-06",5,0,86,6,"2014-11-20 17:52:49","60","240","2014-11-20 21:52:49"
796,"2014-09-24_AA0012_r-058-06",12,0,58,6,"2014-11-20 18:12:38","60","240","2014-11-20 22:12:40"
797,"2014-08-27_AA0027_r-087-01",5,0,87,1,"2014-11-20 21:52:49","60","240","2014-11-21 01:52:53"
798,"2014-09-24_AA0012_r-059-01",12,0,59,1,"2014-11-20 22:12:40","60","240","2014-11-21 02:12:43"
799,"2014-08-27_AA0027_r-087-02",5,0,87,2,"2014-11-21 01:52:53","60","240","2014-11-21 05:52:55"
800,"2014-09-24_AA0012_r-059-02",12,0,59,2,"2014-11-21 02:12:43","60","240","2014-11-21 06:12:45"
801,"2014-08-27_AA0027_r-087-03",5,0,87,3,"2014-11-21 05:52:55","60","240","2014-11-21 09:53:01"
802,"2014-09-24_AA0012_r-059-03",12,0,59,3,"2014-11-21 06:12:45","60","240","2014-11-21 10:12:48"
803,"2014-08-27_AA0027_r-087-04",5,0,87,4,"2014-11-21 09:53:01","60","240","2014-11-21 13:53:04"
804,"2014-09-24_AA0012_r-059-04",12,0,59,4,"2014-11-21 10:12:48","60","240","2014-11-21 14:12:51"
805,"2014-08-27_AA0027_r-087-05",5,0,87,5,"2014-11-21 13:53:04","60","240","2014-11-21 17:53:05"
806,"2014-09-24_AA0012_r-059-05",12,0,59,5,"2014-11-21 14:12:51","60","240","2014-11-21 18:12:53"
807,"2014-07-08_AA0004_r-137-01",18,0,137,1,"2014-11-20 16:16:58","360","240","2014-11-21 16:16:04"
808,"2014-08-27_AA0027_r-087-06",5,0,87,6,"2014-11-21 17:53:05","60","240","2014-11-21 21:53:10"
809,"2014-09-24_AA0012_r-059-06",12,0,59,6,"2014-11-21 18:12:53","60","240","2014-11-21 22:12:56"
810,"2014-08-27_AA0027_r-088-01",5,0,88,1,"2014-11-21 21:53:10","60","240","2014-11-22 01:53:11"
811,"2014-09-24_AA0012_r-060-01",12,0,60,1,"2014-11-21 22:12:56","60","240","2014-11-22 02:12:58"
812,"2014-08-27_AA0027_r-088-02",5,0,88,2,"2014-11-22 01:53:11","60","240","2014-11-22 05:53:14"
813,"2014-09-24_AA0012_r-060-02",12,0,60,2,"2014-11-22 02:12:58","60","240","2014-11-22 06:13:01"
814,"2014-08-27_AA0027_r-088-03",5,0,88,3,"2014-11-22 05:53:14","60","240","2014-11-22 09:53:17"
815,"2014-09-24_AA0012_r-060-03",12,0,60,3,"2014-11-22 06:13:01","60","240","2014-11-22 10:13:04"
816,"2014-08-27_AA0027_r-088-04",5,0,88,4,"2014-11-22 09:53:17","60","240","2014-11-22 13:53:23"
817,"2014-09-24_AA0012_r-060-04",12,0,60,4,"2014-11-22 10:13:04","60","240","2014-11-22 14:13:06"
